file,url,remote_id,downloaded_utc,sha256,bytes,notes
era5ts_8.50_77.00.zip,cds:reanalysis-era5-single-levels-timeseries,cds-request-sha256:123e8a284ca7c79a,2026-09-26T06:18:49+00:00,dd4eaaa4d60bc2fa85e553b3c87b48442537200fe4952002eb35486ffe5881e0,3243880,"{""latitude"": 8.5, ""longitude"": 77.0}"
era5ts_9.00_76.50.zip,cds:reanalysis-era5-single-levels-timeseries,cds-request-sha256:d871d560ada07c91,2026-09-26T06:18:52+00:00,c704a2457dc6902eb8cc85ef3d0a19ca3ec08b87155b3d2ebe9f4d71c3e0f3b6,3261742,"{""latitude"": 9.0, ""longitude"": 76.5}"
era5ts_8.75_77.75.zip,cds:reanalysis-era5-single-levels-timeseries,cds-request-sha256:9718ce882f14a20b,2026-09-26T06:18:59+00:00,c56ad034b33e45fe52b0bf9b3e5c098222b34c810f29479e2b5cb763a16de06f,3140923,"{""latitude"": 8.75, ""longitude"": 77.75}"
era5ts_8.75_78.00.zip,cds:reanalysis-era5-single-levels-timeseries,cds-request-sha256:13772a515e4de50a,2026-09-26T06:19:02+00:00,5ddb6174ca6f9175b6f5fcd55f617a3722de134cd6cc7d615b73a2343585fc0a,3105190,"{""latitude"": 8.75, ""longitude"": 78.0}"
era5ts_9.50_78.00.zip,cds:reanalysis-era5-single-levels-timeseries,cds-request-sha256:5c82f6b6df6f407b,2026-09-26T06:19:23+00:00,36fb41516e234f8a390066865b9f572dda3341fa53965662eda223b058e8b773,3110216,"{""latitude"": 9.5, ""longitude"": 78.0}"
era5ts_9.25_78.75.zip,cds:reanalysis-era5-single-levels-timeseries,cds-request-sha256:1c50d3cebe683a76,2026-09-26T06:19:26+00:00,b114913aa3d1203fd7c0fe9176ecc6ed3e4367ce8b41a2c1bf94ae3a8ef7170f,3103660,"{""latitude"": 9.25, ""longitude"": 78.75}"
era5ts_9.75_78.00.zip,cds:reanalysis-era5-single-levels-timeseries,cds-request-sha256:c3f7efde6f582225,2026-09-26T06:19:32+00:00,76edad65dd303a49e1bb5767fa222cb743557d23509fdae7c8d67d8c4bacfbb8,3121638,"{""latitude"": 9.75, ""longitude"": 78.0}"
era5ts_10.00_76.25.zip,cds:reanalysis-era5-single-levels-timeseries,cds-request-sha256:026c96896dddaf39,2026-09-26T06:19:42+00:00,078c7192d65024fb64cbfc42383b5667d8c9106dcefc4869373b9ab54e529cb4,3260791,"{""latitude"": 10.0, ""longitude"": 76.25}"
era5ts_10.50_78.75.zip,cds:reanalysis-era5-single-levels-timeseries,cds-request-sha256:fad292a8da9ef99d,2026-09-26T06:19:57+00:00,979710c5c77b3452c4ffe1990ed1374759b73366bbaaa78af81b9d364f208014,3110331,"{""latitude"": 10.5, ""longitude"": 78.75}"
era5ts_10.25_78.00.zip,cds:reanalysis-era5-single-levels-timeseries,cds-request-sha256:3530b111329bfaef,2026-09-26T06:19:58+00:00,b64d1b26ab0597efa38109b318820ad53aea9df2dd480e7ed756c1a7036b63cc,3156059,"{""latitude"": 10.25, ""longitude"": 78.0}"
era5ts_10.75_78.75.zip,cds:reanalysis-era5-single-levels-timeseries,cds-request-sha256:d5da1080b4a797ba,2026-09-26T06:19:58+00:00,92cc0b2cb9a2da43dac5c4558330764a6e436da489b4955afd874bebc2010045,3102417,"{""latitude"": 10.75, ""longitude"": 78.75}"
era5ts_10.75_79.25.zip,cds:reanalysis-era5-single-levels-timeseries,cds-request-sha256:199d7fe3fa96ae8f,2026-09-26T06:20:07+00:00,618ec2bfdc7114e4cafc94c3ed6b70363c51609ae12d68d51db2c44c75a44ed5,3119859,"{""latitude"": 10.75, ""longitude"": 79.25}"
era5ts_10.75_79.75.zip,cds:reanalysis-era5-single-levels-timeseries,cds-request-sha256:e7de9187c43afb9a,2026-09-26T06:20:45+00:00,65fe11143dbd36740d85064f4a6db91dec647aacc310d5d9e37fe1ba08139fc2,3123608,"{""latitude"": 10.75, ""longitude"": 79.75}"
era5ts_11.00_77.00.zip,cds:reanalysis-era5-single-levels-timeseries,cds-request-sha256:4e30fa004fbe3b2f,2026-09-26T06:20:47+00:00,e20b96ab5b11a488725e2a8a6b2977b33f42bd07b940dc58f8241dfffa8b8c90,3140780,"{""latitude"": 11.0, ""longitude"": 77.0}"
era5ts_11.00_77.25.zip,cds:reanalysis-era5-single-levels-timeseries,cds-request-sha256:c18228557061bd38,2026-09-26T06:20:49+00:00,bf8e134f3ba58dcfa7b597c127912c3284196dc5d0d07f6a78120de6391812a8,3122365,"{""latitude"": 11.0, ""longitude"": 77.25}"
era5ts_11.00_78.00.zip,cds:reanalysis-era5-single-levels-timeseries,cds-request-sha256:37e3971be9f9a668,2026-09-26T06:21:06+00:00,969f3302d2b4b4f2c36c0ca314318a37c3c339b1352686911396da1ab0971ea7,3099767,"{""latitude"": 11.0, ""longitude"": 78.0}"
era5ts_11.25_77.50.zip,cds:reanalysis-era5-single-levels-timeseries,cds-request-sha256:e8c18967b29f2c90,2026-09-26T06:21:10+00:00,a415f83fa06301c760ae4d518fdf2a81b79578c82bff60499283b94a0ed2d889,3125357,"{""latitude"": 11.25, ""longitude"": 77.5}"
era5ts_11.25_75.75.zip,cds:reanalysis-era5-single-levels-timeseries,cds-request-sha256:204a2487389ad638,2026-09-26T06:21:12+00:00,35e3b51ce27364e702ba11aa0ea31abdb2b49811fb145c2d07d5cad6fc1142f2,3225703,"{""latitude"": 11.25, ""longitude"": 75.75}"
era5ts_11.00_79.00.zip,cds:reanalysis-era5-single-levels-timeseries,cds-request-sha256:6745e1c86e753542,2026-09-26T06:21:14+00:00,66fcc59d79b6f296377a005c5ba1410cd45e1fd9d62d90eccf5b172a8bc2cce4,3106809,"{""latitude"": 11.0, ""longitude"": 79.0}"
era5ts_11.50_76.50.zip,cds:reanalysis-era5-single-levels-timeseries,cds-request-sha256:1be34c1c1219aeea,2026-09-26T06:21:29+00:00,eb4f1184438d645daf69d4da14ec3a7c8d3a49ad9548acedee4f85422095e8fa,3205843,"{""latitude"": 11.5, ""longitude"": 76.5}"
era5ts_11.50_76.75.zip,cds:reanalysis-era5-single-levels-timeseries,cds-request-sha256:4a61a7b4dc0ba2d6,2026-09-26T06:21:40+00:00,93e87eacd0a3f9dc6cd36f05ca7487e5db26e8e108e58b631fd0238f88faaa43,3215295,"{""latitude"": 11.5, ""longitude"": 76.75}"
era5ts_11.75_78.25.zip,cds:reanalysis-era5-single-levels-timeseries,cds-request-sha256:a0f7fde9b37e981c,2026-09-26T06:21:43+00:00,824bd18931570d4a110dda189933d6e308f1056b27cab99ef662f1b0243c2f3d,3127731,"{""latitude"": 11.75, ""longitude"": 78.25}"
era5ts_11.75_79.75.zip,cds:reanalysis-era5-single-levels-timeseries,cds-request-sha256:4ee59b655f5f6a8f,2026-09-26T06:21:54+00:00,c4152b4cd17c275868b7d1e807535246d7a8dfe828ee7e348ba32019cfceadab,3106252,"{""latitude"": 11.75, ""longitude"": 79.75}"
era5ts_11.75_92.75.zip,cds:reanalysis-era5-single-levels-timeseries,cds-request-sha256:a258caa760e2155c,2026-09-26T06:22:09+00:00,1ac0f64f51dde492c72050eaf96e7b2d27c9ea2951494a189ba39e0b2429ea56,3201262,"{""latitude"": 11.75, ""longitude"": 92.75}"
era5ts_12.00_79.75.zip,cds:reanalysis-era5-single-levels-timeseries,cds-request-sha256:11f7735ce7c2e700,2026-09-26T06:22:14+00:00,d6971951f0f5170ab41c5c95d5639991d0f1e873b364bb6e1e6c269d5b5010c2,3109096,"{""latitude"": 12.0, ""longitude"": 79.75}"
era5ts_12.00_75.25.zip,cds:reanalysis-era5-single-levels-timeseries,cds-request-sha256:4bbd8682d606478e,2026-09-26T06:22:23+00:00,78dc9a18439af649c1e7485184712ffdca7352700a2d9fa21ceb2b704482ef0f,3204389,"{""latitude"": 12.0, ""longitude"": 75.25}"
era5ts_12.25_76.25.zip,cds:reanalysis-era5-single-levels-timeseries,cds-request-sha256:90ca1f5cb7557ee2,2026-09-26T06:22:26+00:00,2d31be53da9c27e2ab7285672ebe6c617d6a255e312ee9b8ce7faad9458a9db3,3139394,"{""latitude"": 12.25, ""longitude"": 76.25}"
era5ts_12.50_75.75.zip,cds:reanalysis-era5-single-levels-timeseries,cds-request-sha256:fb855486ebf240fb,2026-09-26T06:22:38+00:00,d1a714e6b284fb6a23f5b1969e431aa7798a683aa64269ed765ca9e3cfc7223b,3221814,"{""latitude"": 12.5, ""longitude"": 75.75}"
era5ts_12.75_77.75.zip,cds:reanalysis-era5-single-levels-timeseries,cds-request-sha256:bd3b981d91b23f68,2026-09-26T06:22:53+00:00,1b845e116d8529082f53bf25f5dfa140e639e7117b7c0a28f551cceaaae8e3e8,3135395,"{""latitude"": 12.75, ""longitude"": 77.75}"
era5ts_12.75_77.25.zip,cds:reanalysis-era5-single-levels-timeseries,cds-request-sha256:116e438a644841bd,2026-09-26T06:22:56+00:00,1a615a988eac32ee63cba96c57e800b2e389f39ab28b03b16601ae209f58ba3d,3130392,"{""latitude"": 12.75, ""longitude"": 77.25}"
era5ts_12.75_79.75.zip,cds:reanalysis-era5-single-levels-timeseries,cds-request-sha256:c7291d364f004fd8,2026-09-26T06:23:05+00:00,302c777eab9ee21b4863eab37f35579b82ab3c11405a973b2fce466ad851aac9,3109107,"{""latitude"": 12.75, ""longitude"": 79.75}"
era5ts_13.00_74.75.zip,cds:reanalysis-era5-single-levels-timeseries,cds-request-sha256:169b50f4fd7e4341,2026-09-26T06:23:19+00:00,9e00334435c998c2f1c3fd26b6fa5b23c6dae0a5321837e6e798972a37139718,3190515,"{""latitude"": 13.0, ""longitude"": 74.75}"
era5ts_13.00_77.50.zip,cds:reanalysis-era5-single-levels-timeseries,cds-request-sha256:b98c92841a3bb817,2026-09-26T06:23:28+00:00,757985b776abeaea684e540a2f212b458962d08bd415c3665791a0a52b9f7fdf,3128736,"{""latitude"": 13.0, ""longitude"": 77.5}"
era5ts_13.00_79.25.zip,cds:reanalysis-era5-single-levels-timeseries,cds-request-sha256:f5a3965f6b2cf672,2026-09-26T06:23:48+00:00,fd69e953ecb73d016ec6effcf8da740da476968112086ab18a7c482c824d8ed2,3109632,"{""latitude"": 13.0, ""longitude"": 79.25}"
era5ts_13.00_77.75.zip,cds:reanalysis-era5-single-levels-timeseries,cds-request-sha256:f601b030a6c0b1b4,2026-09-26T06:23:48+00:00,ee8a63465690d9f9bc4092014af0571ee16270a5f2573eb0e8e5d893d1fcf665,3125585,"{""latitude"": 13.0, ""longitude"": 77.75}"
era5ts_13.00_80.00.zip,cds:reanalysis-era5-single-levels-timeseries,cds-request-sha256:daf32e23b42b49b0,2026-09-26T06:23:56+00:00,7ba6f10e8b240c539c6c320d64ae478db0d1740358453a072dbe9256f698fdb2,3106703,"{""latitude"": 13.0, ""longitude"": 80.0}"
era5ts_13.25_75.75.zip,cds:reanalysis-era5-single-levels-timeseries,cds-request-sha256:8860df4e9eab6287,2026-09-26T06:24:55+00:00,15277ad9b5c17ef565687c4f3d065cdf7403302af3ad3a3485549fd2d389ef21,3169695,"{""latitude"": 13.25, ""longitude"": 75.75}"
era5ts_13.00_80.25.zip,cds:reanalysis-era5-single-levels-timeseries,cds-request-sha256:7f3345e880a7db15,2026-09-26T06:25:12+00:00,1e6c65e3a05dcbbd1aa0c49e46546a93a6672871c1799aa76c76c864aa040057,3100092,"{""latitude"": 13.0, ""longitude"": 80.25}"
era5ts_13.25_74.75.zip,cds:reanalysis-era5-single-levels-timeseries,cds-request-sha256:b6a8596f406a1c7f,2026-09-26T06:25:15+00:00,94f618c032b7ef9d87cafef3b38261f274a89eec99d496072b3b7b627e95241c,3194656,"{""latitude"": 13.25, ""longitude"": 74.75}"
era5ts_13.00_76.25.zip,cds:reanalysis-era5-single-levels-timeseries,cds-request-sha256:eab7e37504a2797d,2026-09-26T06:25:24+00:00,eb786901f4ddf5428500d3483f01cb00a2c4793b13b329e0076277c593c99869,3140440,"{""latitude"": 13.0, ""longitude"": 76.25}"
era5ts_13.25_78.25.zip,cds:reanalysis-era5-single-levels-timeseries,cds-request-sha256:859b8bfd90255962,2026-09-26T06:25:33+00:00,c5f2e7f65de17529cb6dd7e46057469d78756b63c40c15e6bea4fb380dee8933,3115242,"{""latitude"": 13.25, ""longitude"": 78.25}"
era5ts_13.25_79.00.zip,cds:reanalysis-era5-single-levels-timeseries,cds-request-sha256:561b080864ce1eba,2026-09-26T06:25:40+00:00,293a71d932b21bad07929328f024be4a39cecf2f96a2b1be36fdbaa2af8bd649,3113642,"{""latitude"": 13.25, ""longitude"": 79.0}"
era5ts_13.50_77.00.zip,cds:reanalysis-era5-single-levels-timeseries,cds-request-sha256:5e4d3fc99d7eb26b,2026-09-26T06:25:52+00:00,c6b05ba138dd824d582f33661770f29955221c3aa403e96c674cf8c615bc2181,3121786,"{""latitude"": 13.5, ""longitude"": 77.0}"
era5ts_13.25_80.25.zip,cds:reanalysis-era5-single-levels-timeseries,cds-request-sha256:b6ec2671d772d890,2026-09-26T06:25:58+00:00,970b68f9e516941fdcd05af7f9a6b2e14e83a5465ebc869abffe2505d4b9b95f,3097961,"{""latitude"": 13.25, ""longitude"": 80.25}"
era5ts_14.00_75.50.zip,cds:reanalysis-era5-single-levels-timeseries,cds-request-sha256:c91afd11a09a1c6f,2026-09-26T06:26:50+00:00,00ab1a968a12c5aa5fcf2750f76d4a8aecc91b8c95527eabea0048d543b2071c,3134829,"{""latitude"": 14.0, ""longitude"": 75.5}"
era5ts_14.50_76.00.zip,cds:reanalysis-era5-single-levels-timeseries,cds-request-sha256:038ffc671b69715a,2026-09-26T06:26:54+00:00,986522d6e71339cc56e88ddb08e3ddc3ba0b2c25f86aee77d737091ac9d47abb,3119100,"{""latitude"": 14.5, ""longitude"": 76.0}"
era5ts_13.50_77.75.zip,cds:reanalysis-era5-single-levels-timeseries,cds-request-sha256:ae187ece019e1a2a,2026-09-26T06:26:59+00:00,b503758e7558dc963248da431f1260213e28595e1636b1145a0951da76fb7e81,3116718,"{""latitude"": 13.5, ""longitude"": 77.75}"
era5ts_13.50_80.00.zip,cds:reanalysis-era5-single-levels-timeseries,cds-request-sha256:13e620161766bb5b,2026-09-26T06:27:03+00:00,6bdf1f22a47c99ad5838ba6974ee7c791c94ee817405ae9e69dc9e01347fbef6,3103107,"{""latitude"": 13.5, ""longitude"": 80.0}"
era5ts_14.50_78.75.zip,cds:reanalysis-era5-single-levels-timeseries,cds-request-sha256:f2a7bb6153e2e6a0,2026-09-26T06:27:19+00:00,890783b143135301aa7e71870e2b3fcfc35f23a5063934c12a688897e29f9440,3080221,"{""latitude"": 14.5, ""longitude"": 78.75}"
era5ts_14.75_74.25.zip,cds:reanalysis-era5-single-levels-timeseries,cds-request-sha256:02024ac922290a68,2026-09-26T06:27:22+00:00,1668f2d86bf41296e5c5bfa9f57992b6295865b0eb4b7e9bc74e9f0498bc198f,3150241,"{""latitude"": 14.75, ""longitude"": 74.25}"
era5ts_14.75_75.50.zip,cds:reanalysis-era5-single-levels-timeseries,cds-request-sha256:e3e31f375410176d,2026-09-26T06:27:29+00:00,ca94bde64b8e7d36b4451073de8ceef2af0c7c591ed5ba29cb24418f2f2b1622,3116812,"{""latitude"": 14.75, ""longitude"": 75.5}"
era5ts_14.75_77.50.zip,cds:reanalysis-era5-single-levels-timeseries,cds-request-sha256:ea86a942e8492b45,2026-09-26T06:27:47+00:00,b7197b625bdb7824fb43cb292d3dc4a914714a9cd1e16ea91b9bb08800bcb3c6,3089294,"{""latitude"": 14.75, ""longitude"": 77.5}"
era5ts_15.25_75.00.zip,cds:reanalysis-era5-single-levels-timeseries,cds-request-sha256:505b05fc54e75071,2026-09-26T06:27:49+00:00,7e9cbdd8004983875e0f3c831f4d660cde1f6a75fb7c2da7dc98af728b495164,3123620,"{""latitude"": 15.25, ""longitude"": 75.0}"
era5ts_15.25_75.25.zip,cds:reanalysis-era5-single-levels-timeseries,cds-request-sha256:c31f16f7926d7aa6,2026-09-26T06:27:55+00:00,3ab337b36b5402ecb20ae34d6f433ff22ef06df536f88609e0c048aaac33aff5,3123919,"{""latitude"": 15.25, ""longitude"": 75.25}"
era5ts_15.25_76.25.zip,cds:reanalysis-era5-single-levels-timeseries,cds-request-sha256:e653a1b593f4f795,2026-09-26T06:28:04+00:00,cc14b7a646abd627c7ac573eeec7b6cb35f519475020cd301d8293db81642f72,3089295,"{""latitude"": 15.25, ""longitude"": 76.25}"
era5ts_15.50_75.00.zip,cds:reanalysis-era5-single-levels-timeseries,cds-request-sha256:eb7f4c40ecebad9b,2026-09-26T06:28:29+00:00,eeacb200f381079ec84779a1fbb4ac1a05737cf2d1f95863bdd9fadc8879de7f,3115322,"{""latitude"": 15.5, ""longitude"": 75.0}"
era5ts_15.50_75.75.zip,cds:reanalysis-era5-single-levels-timeseries,cds-request-sha256:5e6812839016b681,2026-09-26T06:28:30+00:00,74cdf29d259a46978b4bbd59135fd18b5bdfe0288f9879d8ceb3d1ef8e251c94,3101856,"{""latitude"": 15.5, ""longitude"": 75.75}"
era5ts_16.00_74.50.zip,cds:reanalysis-era5-single-levels-timeseries,cds-request-sha256:15327a1421418d41,2026-09-26T06:28:38+00:00,1d7034b276f8f178948690a2d12dc0713fca6bfc242b1e7772aaca1cb8a8467e,3130961,"{""latitude"": 16.0, ""longitude"": 74.5}"
era5ts_16.25_75.75.zip,cds:reanalysis-era5-single-levels-timeseries,cds-request-sha256:3ff80395a08c3770,2026-09-26T06:28:48+00:00,87d9dcaed3beb8137f5a9b70dcf61aa65de890a8b67c0bd9f6b07e6ea89e2985,3096346,"{""latitude"": 16.25, ""longitude"": 75.75}"
era5ts_16.50_80.50.zip,cds:reanalysis-era5-single-levels-timeseries,cds-request-sha256:ed61ba8df9db7a59,2026-09-26T06:29:09+00:00,a651a84543821f54bbf4d71d4e1f2172fd05315c9177664f4c83a70b7b10ebca,3093254,"{""latitude"": 16.5, ""longitude"": 80.5}"
era5ts_16.25_77.25.zip,cds:reanalysis-era5-single-levels-timeseries,cds-request-sha256:ed638fb47605743a,2026-09-26T06:29:13+00:00,64e5442d16adfb0a00c863c2433ed60afa8e06977b5ad3ac915370fabcee4602,3094722,"{""latitude"": 16.25, ""longitude"": 77.25}"
era5ts_16.50_80.75.zip,cds:reanalysis-era5-single-levels-timeseries,cds-request-sha256:4ecace6ac82a04e2,2026-09-26T06:29:22+00:00,a5b85ce3386d7425670a7195d16b1c8b9f7f04d15621ad7cbfdba3c4f7909844,3096847,"{""latitude"": 16.5, ""longitude"": 80.75}"
era5ts_16.75_74.25.zip,cds:reanalysis-era5-single-levels-timeseries,cds-request-sha256:2a391b388886ddf0,2026-09-26T06:29:31+00:00,72574af0f340598aa6442ac07cd28e97110f5e7542e75a43278a13b45c83da63,3104193,"{""latitude"": 16.75, ""longitude"": 74.25}"
era5ts_16.75_74.50.zip,cds:reanalysis-era5-single-levels-timeseries,cds-request-sha256:a88b08d475035be2,2026-09-26T06:29:38+00:00,339171926b7e35f122b52a54efba9b8979c6c6540769206e1c14aadbf8a643b5,3104634,"{""latitude"": 16.75, ""longitude"": 74.5}"
era5ts_16.75_75.75.zip,cds:reanalysis-era5-single-levels-timeseries,cds-request-sha256:6b155482131f457b,2026-09-26T06:29:42+00:00,e0e7acd1bf54d03df5895797819dd1dffca5d8cda1abdcca454f0822f1632b57,3098192,"{""latitude"": 16.75, ""longitude"": 75.75}"
era5ts_16.75_77.25.zip,cds:reanalysis-era5-single-levels-timeseries,cds-request-sha256:5e15b04c37d6bebb,2026-09-26T06:29:54+00:00,88419aed1f495b118fdaea8029e6a7c19d4b79698ae68e387ef82c5571d671ff,3099116,"{""latitude"": 16.75, ""longitude"": 77.25}"
era5ts_17.50_78.25.zip,cds:reanalysis-era5-single-levels-timeseries,cds-request-sha256:787d9a5730533e15,2026-09-26T06:30:12+00:00,331682aaf378ba9ff6f6cd044ff2b680818d5975f1dc1b9218906a9bbe3b6a3e,3087733,"{""latitude"": 17.5, ""longitude"": 78.25}"
era5ts_17.25_76.75.zip,cds:reanalysis-era5-single-levels-timeseries,cds-request-sha256:cdd9056b8bf2a932,2026-09-26T06:30:16+00:00,fbcf682cb41b79e61475df8059a4a1d92a2a97935cef9516014191448d125f5d,3093439,"{""latitude"": 17.25, ""longitude"": 76.75}"
era5ts_17.25_78.50.zip,cds:reanalysis-era5-single-levels-timeseries,cds-request-sha256:a10fdcbf1e37f37a,2026-09-26T06:30:22+00:00,e8266f55e91c60ba946fff0e611f8c51d72a66f54ba9c09877ea508147cff128,3088205,"{""latitude"": 17.25, ""longitude"": 78.5}"
era5ts_17.50_78.50.zip,cds:reanalysis-era5-single-levels-timeseries,cds-request-sha256:7e748aca8502da7c,2026-09-26T06:30:26+00:00,72c7db2d79d68c0548ccf60f01bc12c684f326b7fabcfd31ec6ec4487a6152dc,3085720,"{""latitude"": 17.5, ""longitude"": 78.5}"
era5ts_17.75_76.00.zip,cds:reanalysis-era5-single-levels-timeseries,cds-request-sha256:c36c169d60c8912e,2026-09-26T06:30:43+00:00,5643e9fa026631f09f717642ef09b844f0a5f63c609e0f95a2356ff18726aa0b,3103416,"{""latitude"": 17.75, ""longitude"": 76.0}"
era5ts_17.75_83.25.zip,cds:reanalysis-era5-single-levels-timeseries,cds-request-sha256:965ff5c3d17aa9ae,2026-09-26T06:30:59+00:00,c6a18bd7c8b31858327cb096911c486530c557bd80d3860775e7b62c011f44d1,3086959,"{""latitude"": 17.75, ""longitude"": 83.25}"
era5ts_18.00_73.50.zip,cds:reanalysis-era5-single-levels-timeseries,cds-request-sha256:5c883b47065f67ba,2026-09-26T06:31:05+00:00,3f7bc95824daf5fe9b4730aab2147a912bdf3ff60637c7f6da76a9b153325518,3137170,"{""latitude"": 18.0, ""longitude"": 73.5}"
era5ts_18.00_77.50.zip,cds:reanalysis-era5-single-levels-timeseries,cds-request-sha256:96a0059b448e524c,2026-09-26T06:31:09+00:00,6f1030f6614f200a5f29b2f12122c8f3cf0fffc139577da5edc766d3e2a9cdd3,3092572,"{""latitude"": 18.0, ""longitude"": 77.5}"
era5ts_18.50_73.75.zip,cds:reanalysis-era5-single-levels-timeseries,cds-request-sha256:301fbd93e05926ce,2026-09-26T06:31:18+00:00,67e5134fd68313f9a68e8ba79c56c1c5249eb12af89130a9ff5030bb8d707f40,3119031,"{""latitude"": 18.5, ""longitude"": 73.75}"
era5ts_18.75_73.75.zip,cds:reanalysis-era5-single-levels-timeseries,cds-request-sha256:ea375056e85c2c7e,2026-09-26T06:31:38+00:00,9deb883cceac875ea30eee1d39387326c8c8310710a9c9a6d0e68c582cc71ee4,3108742,"{""latitude"": 18.75, ""longitude"": 73.75}"
era5ts_18.50_74.00.zip,cds:reanalysis-era5-single-levels-timeseries,cds-request-sha256:1c2935baaed7aab2,2026-09-26T06:31:41+00:00,a3cbf1b6a26720a45ddf2c090f7eb921045184257bd7d9d6bd9cfb700394c3f6,3090523,"{""latitude"": 18.5, ""longitude"": 74.0}"
era5ts_18.50_76.50.zip,cds:reanalysis-era5-single-levels-timeseries,cds-request-sha256:3f62e22e8e19da0d,2026-09-26T06:31:45+00:00,d44589eb2f08361055f1e1f6cae14671b54a123c659f3813460da2bc9f76239d,3089530,"{""latitude"": 18.5, ""longitude"": 76.5}"
era5ts_18.75_74.00.zip,cds:reanalysis-era5-single-levels-timeseries,cds-request-sha256:e4817123d9ab02bc,2026-09-26T06:31:59+00:00,4c6281dc79623ae71f4bc1ac74c8a51ca4c03458426a3ca90c2890cbfa52798e,3086643,"{""latitude"": 18.75, ""longitude"": 74.0}"
era5ts_19.00_73.00.zip,cds:reanalysis-era5-single-levels-timeseries,cds-request-sha256:69342a49dd6a5ffa,2026-09-26T06:32:22+00:00,6a28af91cef494754fa65264e44db8f95c618360a98ff5f815786f139961002d,3103345,"{""latitude"": 19.0, ""longitude"": 73.0}"
era5ts_19.00_74.75.zip,cds:reanalysis-era5-single-levels-timeseries,cds-request-sha256:6f047ad65d212460,2026-09-26T06:32:26+00:00,79250f56f913317c807aa3d4777fad35aceb27235cca390fba147fc5e2af3bba,3093992,"{""latitude"": 19.0, ""longitude"": 74.75}"
era5ts_19.25_72.75.zip,cds:reanalysis-era5-single-levels-timeseries,cds-request-sha256:49c77bc6e0449f01,2026-09-26T06:32:28+00:00,9e668041b63ef58f4f796cef4d891a08d423bc377448c45bf9927ac28c710977,3090498,"{""latitude"": 19.25, ""longitude"": 72.75}"
era5ts_19.00_72.75.zip,cds:reanalysis-era5-single-levels-timeseries,cds-request-sha256:d43b4a5b8b1bbea2,2026-09-26T06:32:29+00:00,0274ac44a5f78340eeec2ffa726b3ef200ba643ac8be9d2fc2a50d43ed04d563,3075290,"{""latitude"": 19.0, ""longitude"": 72.75}"
era5ts_19.25_73.00.zip,cds:reanalysis-era5-single-levels-timeseries,cds-request-sha256:cd6531cbfafa783f,2026-09-26T06:33:03+00:00,4e634f692e2151471bde94bf19254f07a6ffde6e8f57e5bd48f08a3c2e3f2727,3106444,"{""latitude"": 19.25, ""longitude"": 73.0}"
era5ts_19.25_73.25.zip,cds:reanalysis-era5-single-levels-timeseries,cds-request-sha256:b83905f602572d73,2026-09-26T06:33:05+00:00,aca7c59297a9ee517a16467638e794de87327aaebbf18b127f4a7a041657057e,3117369,"{""latitude"": 19.25, ""longitude"": 73.25}"
era5ts_19.25_76.75.zip,cds:reanalysis-era5-single-levels-timeseries,cds-request-sha256:791b039378ae7ac0,2026-09-26T06:33:09+00:00,6984902dfce4d11174b0e4cc17641b6d4508b58dd19557f4e91a631cd8120974,3087582,"{""latitude"": 19.25, ""longitude"": 76.75}"
era5ts_19.25_77.25.zip,cds:reanalysis-era5-single-levels-timeseries,cds-request-sha256:39cb2eda909d783f,2026-09-26T06:33:27+00:00,d862f9a29b97cca1de70bccf337a76f3f5763923f3ea01dddb325afd3fcb0e6c,3087855,"{""latitude"": 19.25, ""longitude"": 77.25}"
era5ts_19.50_72.75.zip,cds:reanalysis-era5-single-levels-timeseries,cds-request-sha256:d7b32102328ac83b,2026-09-26T06:33:30+00:00,d93d0434fae628e2f8b0d0e8fba740b79b12efc4120b81317bafb5c58a935ddf,3097788,"{""latitude"": 19.5, ""longitude"": 72.75}"
era5ts_19.75_72.75.zip,cds:reanalysis-era5-single-levels-timeseries,cds-request-sha256:9a6ff0d84c078298,2026-09-26T06:33:46+00:00,f29e3fab09eef3b8e6b4f427e273ed94313ef1c2dbdd30b327bf34e091297ed5,3097321,"{""latitude"": 19.75, ""longitude"": 72.75}"
era5ts_19.75_75.25.zip,cds:reanalysis-era5-single-levels-timeseries,cds-request-sha256:461efd3247442d5e,2026-09-26T06:33:48+00:00,25cccf0d4f527e030da0bbe1b759880998714ff21fee147e86379d95a4cf3d66,3086612,"{""latitude"": 19.75, ""longitude"": 75.25}"
era5ts_20.00_75.50.zip,cds:reanalysis-era5-single-levels-timeseries,cds-request-sha256:21110360466c6f3d,2026-09-26T06:33:59+00:00,5f14c61d5f2231a9f7c92a810c5048a678cde51033cfc5d1f5604e062063e857,3090899,"{""latitude"": 20.0, ""longitude"": 75.5}"
era5ts_20.00_73.75.zip,cds:reanalysis-era5-single-levels-timeseries,cds-request-sha256:fd5b5f1628cc5fd1,2026-09-26T06:34:08+00:00,b04e698caec9ca2843496c13173a94a7977973a376a2ce8144a6ae6452739b1a,3106631,"{""latitude"": 20.0, ""longitude"": 73.75}"
era5ts_20.00_79.25.zip,cds:reanalysis-era5-single-levels-timeseries,cds-request-sha256:7adf56c515e13a2b,2026-09-26T06:34:16+00:00,ba9b2bef24de60697c5d1cd6eb8d1437bca7805ab4cb03d4640137d5f84e6d7e,3100496,"{""latitude"": 20.0, ""longitude"": 79.25}"
era5ts_20.25_73.00.zip,cds:reanalysis-era5-single-levels-timeseries,cds-request-sha256:9ed42749fe126cf3,2026-09-26T06:34:17+00:00,d383ca039fd7a97b8dc785592ffcb7195a13ed4c6168efc60fe04d464d30d8d3,3095943,"{""latitude"": 20.25, ""longitude"": 73.0}"
era5ts_20.25_85.75.zip,cds:reanalysis-era5-single-levels-timeseries,cds-request-sha256:79dcfe1deada6b1e,2026-09-26T06:34:22+00:00,9c6772f855da8da5c67d8478035d86b2349b350e9a922bd1a40f7e566cd0f37e,3106660,"{""latitude"": 20.25, ""longitude"": 85.75}"
era5ts_20.50_74.50.zip,cds:reanalysis-era5-single-levels-timeseries,cds-request-sha256:6b0ae4b1c82d1f8e,2026-09-26T06:34:36+00:00,a1636bbe68d5bbd9974f574f21daea54aaf478c1b6f1675a7777726d7c656fb5,3071191,"{""latitude"": 20.5, ""longitude"": 74.5}"
era5ts_20.50_85.75.zip,cds:reanalysis-era5-single-levels-timeseries,cds-request-sha256:ffdf35e3353d7236,2026-09-26T06:34:43+00:00,a97a5a3d84305bac98ddfcfa9dd1cf65cd3e889d7164a9237a61291c8612329a,3115854,"{""latitude"": 20.5, ""longitude"": 85.75}"
era5ts_20.75_77.00.zip,cds:reanalysis-era5-single-levels-timeseries,cds-request-sha256:338e2b1400c7e741,2026-09-26T06:34:44+00:00,42eb07ed1978bae76820344c089deda0b70ec0427568e34e33c2a7efb3cfea3f,3085894,"{""latitude"": 20.75, ""longitude"": 77.0}"
era5ts_20.75_85.00.zip,cds:reanalysis-era5-single-levels-timeseries,cds-request-sha256:d602b221c5b17b16,2026-09-26T06:35:06+00:00,64a7c7bcd0fa4db58e782b018ac8620e7495b23a335de25ab42be1ddeceeaec2,3137221,"{""latitude"": 20.75, ""longitude"": 85.0}"
era5ts_21.00_74.75.zip,cds:reanalysis-era5-single-levels-timeseries,cds-request-sha256:99957b28c28ce009,2026-09-26T06:35:12+00:00,2ac0c21ebc5a6bbac8af3ae0e517e0c247b6211e2244cda00b5517b197244d04,3077060,"{""latitude"": 21.0, ""longitude"": 74.75}"
era5ts_21.00_75.50.zip,cds:reanalysis-era5-single-levels-timeseries,cds-request-sha256:1f3f42e8668113c8,2026-09-26T06:35:14+00:00,da27e92b1a793a0d63105afd811195faaf30ec06e3a5e799f3ca530271ef16ee,3072319,"{""latitude"": 21.0, ""longitude"": 75.5}"
era5ts_21.00_77.75.zip,cds:reanalysis-era5-single-levels-timeseries,cds-request-sha256:fde5445ef74af77b,2026-09-26T06:35:15+00:00,13609653c34028f6ce2d5f5d608f2c20165c201c067252e2bd736e2db042abf5,3092629,"{""latitude"": 21.0, ""longitude"": 77.75}"
era5ts_21.00_86.00.zip,cds:reanalysis-era5-single-levels-timeseries,cds-request-sha256:527d87433c60a88f,2026-09-26T06:35:42+00:00,7c486c331ebfebd38d79a7ff4f3f5ef36564cac8f948b5ddf92feac082ec2962,3119936,"{""latitude"": 21.0, ""longitude"": 86.0}"
era5ts_21.00_85.25.zip,cds:reanalysis-era5-single-levels-timeseries,cds-request-sha256:a7f40f8b1511ed60,2026-09-26T06:35:45+00:00,1e5b0bb8c5dd868b072bb428a95c7ab64a41f57dadf40d1303f0f83001689d49,3120789,"{""latitude"": 21.0, ""longitude"": 85.25}"
era5ts_21.00_79.00.zip,cds:reanalysis-era5-single-levels-timeseries,cds-request-sha256:1ce87c4d123d32e9,2026-09-26T06:35:48+00:00,c67d8c85f8147516ccfbfcf9265941c668e887dbb42548b7c9b458b53fbeee53,3098772,"{""latitude"": 21.0, ""longitude"": 79.0}"
era5ts_21.25_72.75.zip,cds:reanalysis-era5-single-levels-timeseries,cds-request-sha256:e79c0616797451c9,2026-09-26T06:35:57+00:00,666e3645daddeb097a11d11356c5ee263d519e8a8513e2ebcaeafba9b1309e37,3050161,"{""latitude"": 21.25, ""longitude"": 72.75}"
era5ts_21.25_79.00.zip,cds:reanalysis-era5-single-levels-timeseries,cds-request-sha256:4beb0516e161ba6a,2026-09-26T06:36:22+00:00,c9ea7ce339874aa6f97ba12ca1abf6d4f1d0f9b26f0390f5137d8a78c32a54fd,3099411,"{""latitude"": 21.25, ""longitude"": 79.0}"
era5ts_21.25_81.25.zip,cds:reanalysis-era5-single-levels-timeseries,cds-request-sha256:19fc2bc248aadbbb,2026-09-26T06:36:28+00:00,83a829927a71461c6c26838094002560bbedc20f7c45a97c601a8ca2020e9e99,3105401,"{""latitude"": 21.25, ""longitude"": 81.25}"
era5ts_21.25_81.50.zip,cds:reanalysis-era5-single-levels-timeseries,cds-request-sha256:4dc5fe5f2b7fb04d,2026-09-26T06:36:29+00:00,61b2b657e90828bce6f931d5fadf9120045f93bf3f3fce337b40dbcfd8221cb8,3103301,"{""latitude"": 21.25, ""longitude"": 81.5}"
era5ts_21.25_81.75.zip,cds:reanalysis-era5-single-levels-timeseries,cds-request-sha256:3e93b46fe851e3d1,2026-09-26T06:36:39+00:00,769f4a68356c5e6a783fef7579022de409cabd40f5d867f3575486e1697fca01,3107020,"{""latitude"": 21.25, ""longitude"": 81.75}"
era5ts_21.50_73.00.zip,cds:reanalysis-era5-single-levels-timeseries,cds-request-sha256:87c873e80f88da6d,2026-09-26T06:36:56+00:00,8ca4f4a22aea984e0cfd474bf42580e852e05fa5cdaf4c2485b75aa00c2a77c4,3059856,"{""latitude"": 21.5, ""longitude"": 73.0}"
era5ts_21.75_83.75.zip,cds:reanalysis-era5-single-levels-timeseries,cds-request-sha256:4fccd29e3d33f654,2026-09-26T06:37:02+00:00,352e5ccf1e0244d8190980f5c5fefe0c53b9396484f4005dc43d1223a1682468,3118746,"{""latitude"": 21.75, ""longitude"": 83.75}"
era5ts_21.75_85.25.zip,cds:reanalysis-era5-single-levels-timeseries,cds-request-sha256:c1ccc6df070d80ab,2026-09-26T06:37:17+00:00,993ce39d0bc9068d0088d22bd04127f397741bdb747e02f92c50a02d938f939c,3133197,"{""latitude"": 21.75, ""longitude"": 85.25}"
era5ts_21.50_85.50.zip,cds:reanalysis-era5-single-levels-timeseries,cds-request-sha256:ed6f83428197b11e,2026-09-26T06:37:22+00:00,599b2f7f6b62b516043223cc828fd8cbd4f63cf996f92ba29c5835922b2deb6d,3148922,"{""latitude"": 21.5, ""longitude"": 85.5}"
era5ts_21.75_85.50.zip,cds:reanalysis-era5-single-levels-timeseries,cds-request-sha256:b9504b208d15d7ad,2026-09-26T06:37:25+00:00,de49e3a5e01803a1351f3d54790494aa05ceddf0942ed421e13edcdf78b6dae4,3144637,"{""latitude"": 21.75, ""longitude"": 85.5}"
era5ts_22.00_82.25.zip,cds:reanalysis-era5-single-levels-timeseries,cds-request-sha256:3d6d2c122dfd09e3,2026-09-26T06:37:36+00:00,29cb26d322dcbf3eb512e363bed2351678447eb60c7d3462c3fcb55fc4b930b7,3118841,"{""latitude"": 22.0, ""longitude"": 82.25}"
era5ts_22.00_85.50.zip,cds:reanalysis-era5-single-levels-timeseries,cds-request-sha256:7bacafbe5b4125b1,2026-09-26T06:37:55+00:00,f774b10e0e58adfa364c7fee27ba1b913e0ead122ef80bb47b42714110cf683b,3143413,"{""latitude"": 22.0, ""longitude"": 85.5}"
era5ts_22.00_86.75.zip,cds:reanalysis-era5-single-levels-timeseries,cds-request-sha256:f5a1a97be89bed26,2026-09-26T06:37:55+00:00,8f53a1965c4f8e86eb8f9afb0b9257e2d4adc6b426b3063e8c35fd2613bb23b2,3116045,"{""latitude"": 22.0, ""longitude"": 86.75}"
era5ts_22.00_83.25.zip,cds:reanalysis-era5-single-levels-timeseries,cds-request-sha256:ed20c995d7418499,2026-09-26T06:38:00+00:00,da6149b2576ee27e225e95eda5aefe32d11fd63422f6268b76f217f009c99b7a,3120866,"{""latitude"": 22.0, ""longitude"": 83.25}"
era5ts_22.25_83.50.zip,cds:reanalysis-era5-single-levels-timeseries,cds-request-sha256:e0c40b16fac22fd1,2026-09-26T06:38:24+00:00,3cb765ec3067a67a14d495a6e50399a74062947e4dcccbdcc42a24028b00874a,3134008,"{""latitude"": 22.25, ""longitude"": 83.5}"
era5ts_22.25_82.50.zip,cds:reanalysis-era5-single-levels-timeseries,cds-request-sha256:417c476d639ae411,2026-09-26T06:38:27+00:00,325f5b94b47bf7df490e80d77c9a9d649ce063a1bc8b352010579232f389a07e,3122414,"{""latitude"": 22.25, ""longitude"": 82.5}"
era5ts_22.25_84.75.zip,cds:reanalysis-era5-single-levels-timeseries,cds-request-sha256:609b55f1feca6f73,2026-09-26T06:38:37+00:00,568da839ff40a71f8a4acfdd575d6943d9e638138b92ee1231147dbb9c58303c,3126960,"{""latitude"": 22.25, ""longitude"": 84.75}"
era5ts_22.25_85.00.zip,cds:reanalysis-era5-single-levels-timeseries,cds-request-sha256:579311aebfde1ed6,2026-09-26T06:38:39+00:00,aac6bb2af9ce179694cb9d152b379d463ef06c456c1e571ff7a020acfde33049,3120044,"{""latitude"": 22.25, ""longitude"": 85.0}"
era5ts_22.25_86.25.zip,cds:reanalysis-era5-single-levels-timeseries,cds-request-sha256:8e7ef71d727c8a58,2026-09-26T06:38:56+00:00,cc98424e38150f5214ca565ef4e9571a318f452be4e5f03b31e43e9e139f84e1,3130136,"{""latitude"": 22.25, ""longitude"": 86.25}"
era5ts_22.50_73.00.zip,cds:reanalysis-era5-single-levels-timeseries,cds-request-sha256:536eee21efe68244,2026-09-26T06:38:59+00:00,dd4b0e2cde0085d4272fa3189d84bf05fea5d24a72c8ab6d2b7a765f3c9159df,3045189,"{""latitude"": 22.5, ""longitude"": 73.0}"
era5ts_22.50_75.50.zip,cds:reanalysis-era5-single-levels-timeseries,cds-request-sha256:c72432fa3946562e,2026-09-26T06:39:06+00:00,d026c59f9f1c773af5461d4abb70087b4d29620561f981a3d427da5cf8d9b090,3083865,"{""latitude"": 22.5, ""longitude"": 75.5}"
era5ts_22.50_75.75.zip,cds:reanalysis-era5-single-levels-timeseries,cds-request-sha256:80f53f47cdb7d06f,2026-09-26T06:39:10+00:00,5f980414d9b621dfb6532a775888edc3f7e4a9acbf3d0b0eb1e3dd35cd208056,3086548,"{""latitude"": 22.5, ""longitude"": 75.75}"
era5ts_22.50_88.50.zip,cds:reanalysis-era5-single-levels-timeseries,cds-request-sha256:ea72ea978e15874b,2026-09-26T06:39:24+00:00,b359d2a7dc26294cdf45cdf030a733b7678e77b2c2c1fa8ae8a61ea160a7cd16,3122820,"{""latitude"": 22.5, ""longitude"": 88.5}"
era5ts_22.50_88.25.zip,cds:reanalysis-era5-single-levels-timeseries,cds-request-sha256:46885229405ae156,2026-09-26T06:39:29+00:00,d6e47e24b5523f91ebcbe85f49150f4111072d762ed9fc2b0ffe1cb7d866e44c,3122493,"{""latitude"": 22.5, ""longitude"": 88.25}"
era5ts_22.75_75.75.zip,cds:reanalysis-era5-single-levels-timeseries,cds-request-sha256:e6b61b2c20c77442,2026-09-26T06:39:33+00:00,f0656c195dc36078dcf4bc3e159fe734b6ab33181ed9ac946693c552c58a4f2e,3083322,"{""latitude"": 22.75, ""longitude"": 75.75}"
era5ts_22.75_76.00.zip,cds:reanalysis-era5-single-levels-timeseries,cds-request-sha256:14e520ee83ed0efd,2026-09-26T06:39:35+00:00,62b04878caabd4e5f7c020d63f11c784669d1043e0d4c3630f1d6d33052288e7,3084901,"{""latitude"": 22.75, ""longitude"": 76.0}"
era5ts_23.00_72.50.zip,cds:reanalysis-era5-single-levels-timeseries,cds-request-sha256:1d59e208a71c98f1,2026-09-26T06:40:06+00:00,fe80721dff3fdd022524e847b819edbe0c042bcc4090567569dc96ca98c0e20e,3042238,"{""latitude"": 23.0, ""longitude"": 72.5}"
era5ts_22.75_88.25.zip,cds:reanalysis-era5-single-levels-timeseries,cds-request-sha256:10e2cac4c7d1df38,2026-09-26T06:40:10+00:00,780f2120533ae430a6fe5438f128a21b8617e4f50b5f61eb264c59caf473422b,3120528,"{""latitude"": 22.75, ""longitude"": 88.25}"
era5ts_22.75_88.50.zip,cds:reanalysis-era5-single-levels-timeseries,cds-request-sha256:dcf2e4ada35f9460,2026-09-26T06:40:19+00:00,66fd1eff63320d5be384cfb94ec4ef98af6312223b22a2242d808a02e9854a8f,3124088,"{""latitude"": 22.75, ""longitude"": 88.5}"
era5ts_23.00_72.75.zip,cds:reanalysis-era5-single-levels-timeseries,cds-request-sha256:55a24abbc79d8e1d,2026-09-26T06:40:31+00:00,c48ca6f05482d5786f25a91f1b6adab466541b013438b898e8165bdb3272ff2b,3045020,"{""latitude"": 23.0, ""longitude"": 72.75}"
era5ts_23.00_76.00.zip,cds:reanalysis-era5-single-levels-timeseries,cds-request-sha256:b55228ac9ebd8acf,2026-09-26T06:40:36+00:00,a1f5f32ac792d2d7d6269f7e57711f9af7e2bfa7629730fb6f703a341d38a93c,3074124,"{""latitude"": 23.0, ""longitude"": 76.0}"
era5ts_23.00_77.50.zip,cds:reanalysis-era5-single-levels-timeseries,cds-request-sha256:037b3c078a294264,2026-09-26T06:40:51+00:00,bfa777a54fb641beef94f7313424f3a97071330b267eeeafd55f36f817a70454,3088381,"{""latitude"": 23.0, ""longitude"": 77.5}"
era5ts_23.25_72.75.zip,cds:reanalysis-era5-single-levels-timeseries,cds-request-sha256:57cc850f6deb80e4,2026-09-26T06:41:00+00:00,1cacfae64a31ee7778501e2c0c3714e937f60ea6409caa010d335cbbc76ae048,3048348,"{""latitude"": 23.25, ""longitude"": 72.75}"
era5ts_23.25_75.00.zip,cds:reanalysis-era5-single-levels-timeseries,cds-request-sha256:188f7daad8738d97,2026-09-26T06:41:01+00:00,4822b9c88869be35b0e8e6afe85c48ce6123e70c2024d8692a28030dc5bb689c,3072737,"{""latitude"": 23.25, ""longitude"": 75.0}"
era5ts_23.25_75.75.zip,cds:reanalysis-era5-single-levels-timeseries,cds-request-sha256:6e8d3aa748396986,2026-09-26T06:41:15+00:00,f113f5c5ad0b8669fb78a9ae2e58d35031876009f804475733f4f26faaa85b1a,3077065,"{""latitude"": 23.25, ""longitude"": 75.75}"
era5ts_23.25_77.50.zip,cds:reanalysis-era5-single-levels-timeseries,cds-request-sha256:d2b3d1556a31fdf6,2026-09-26T06:41:21+00:00,6845622735439618af1c7e465f11e6ebc6120ac2bc01b31e55bd71455cfc0c7b,3086114,"{""latitude"": 23.25, ""longitude"": 77.5}"
era5ts_23.50_74.50.zip,cds:reanalysis-era5-single-levels-timeseries,cds-request-sha256:55b85c22466f925d,2026-09-26T06:41:41+00:00,6a407d75fe27cb8ecff9b59b34b358eb8b85ffdfde5673f460bf0f038251cc73,3065305,"{""latitude"": 23.5, ""longitude"": 74.5}"
era5ts_23.25_80.00.zip,cds:reanalysis-era5-single-levels-timeseries,cds-request-sha256:1fd66608e60e2bee,2026-09-26T06:41:44+00:00,de8eb4a13f477b33d0528a10302839d8da08c57b84082da7c4ca892a6fe091ca,3094016,"{""latitude"": 23.25, ""longitude"": 80.0}"
era5ts_23.50_80.25.zip,cds:reanalysis-era5-single-levels-timeseries,cds-request-sha256:414d56575cd40169,2026-09-26T06:41:55+00:00,5051411e440c9df7d26389b590904a6760f855166629ff180225f592d3e93109,3091903,"{""latitude"": 23.5, ""longitude"": 80.25}"
era5ts_23.50_87.00.zip,cds:reanalysis-era5-single-levels-timeseries,cds-request-sha256:681f0d1cc7d306b5,2026-09-26T06:42:02+00:00,1092a7811dda49f36663bd96ca9a5f3065da2a3b86d646f2225bccfd38fbcc94,3110012,"{""latitude"": 23.5, ""longitude"": 87.0}"
era5ts_23.50_87.25.zip,cds:reanalysis-era5-single-levels-timeseries,cds-request-sha256:f894793ec464843a,2026-09-26T06:42:18+00:00,925087a707a51ec55e90f1cd7948f04cdec0d4c345a6c701181e6deb9ab6e6e0,3116661,"{""latitude"": 23.5, ""longitude"": 87.25}"
era5ts_23.75_73.75.zip,cds:reanalysis-era5-single-levels-timeseries,cds-request-sha256:a5683c782e8bca3d,2026-09-26T06:42:23+00:00,57c7077bae58c1eba0d91c502143f4d2484edf2f974ac0b2effacde33a2dc921,3053642,"{""latitude"": 23.75, ""longitude"": 73.75}"
era5ts_23.75_78.75.zip,cds:reanalysis-era5-single-levels-timeseries,cds-request-sha256:3b0bf9eb61487e54,2026-09-26T06:42:26+00:00,7d1d4339ecff6cf282a7a3cc0fa22d306446b794073a124d987b86e3810805ee,3090355,"{""latitude"": 23.75, ""longitude"": 78.75}"
era5ts_23.75_79.50.zip,cds:reanalysis-era5-single-levels-timeseries,cds-request-sha256:dd033610f871fd9f,2026-09-26T06:42:30+00:00,1621a88e228eee14ff565e3fb68b309e2d92392071d6e7a1a34bb38c451446f5,3073991,"{""latitude"": 23.75, ""longitude"": 79.5}"
era5ts_23.75_87.00.zip,cds:reanalysis-era5-single-levels-timeseries,cds-request-sha256:d99516ca99061326,2026-09-26T06:42:46+00:00,0ebd8f3dcd99103867ae4df6301be7970e0db7c3dabd5b8f936b795b22c37899,3104578,"{""latitude"": 23.75, ""longitude"": 87.0}"
era5ts_23.75_92.75.zip,cds:reanalysis-era5-single-levels-timeseries,cds-request-sha256:6082aeae28224d8c,2026-09-26T06:42:56+00:00,3f0fe7bc9d8545123f639f87198ba6a057b7b5ab649682b30a854b1d6b17e883,3152269,"{""latitude"": 23.75, ""longitude"": 92.75}"
era5ts_23.75_91.25.zip,cds:reanalysis-era5-single-levels-timeseries,cds-request-sha256:920a6baecc7ba074,2026-09-26T06:42:58+00:00,cbec0a696c2736628e6d456860d7326f8120cdec4127ab8d261c7ce993cda18a,3140420,"{""latitude"": 23.75, ""longitude"": 91.25}"
era5ts_24.00_74.75.zip,cds:reanalysis-era5-single-levels-timeseries,cds-request-sha256:aa79e7e830d13006,2026-09-26T06:43:12+00:00,bb259577ccf41f9f031b89184cd5d56121d44f1251ff84d0429d978e708a7a20,3067433,"{""latitude"": 24.0, ""longitude"": 74.75}"
era5ts_24.25_80.75.zip,cds:reanalysis-era5-single-levels-timeseries,cds-request-sha256:159bf4d777415316,2026-09-26T06:43:14+00:00,fcf0d3dc5c6bfeb19f22fa75a6f42e12bf865088fbf4fa67cb5e26b06cfa5c7d,3098415,"{""latitude"": 24.25, ""longitude"": 80.75}"
era5ts_24.50_76.25.zip,cds:reanalysis-era5-single-levels-timeseries,cds-request-sha256:4cffc680bc895425,2026-09-26T06:43:28+00:00,1ccd45fa61ab58e6465ed3d3a8e592ab568e889f9fba1afef6d3e03be4103972,3074744,"{""latitude"": 24.5, ""longitude"": 76.25}"
era5ts_24.50_73.75.zip,cds:reanalysis-era5-single-levels-timeseries,cds-request-sha256:74b9ddbd535c5934,2026-09-26T06:43:33+00:00,212a2d7df391f648866668fe43f68cec087503abf377551427576c3127fe7191,3059533,"{""latitude"": 24.5, ""longitude"": 73.75}"
era5ts_24.75_84.25.zip,cds:reanalysis-era5-single-levels-timeseries,cds-request-sha256:fe3003950fb8b3a4,2026-09-26T06:44:39+00:00,f81fb063f11804eabb1c5e286cfbe27abde5f70222d155c47757169ee8e6839c,3101309,"{""latitude"": 24.75, ""longitude"": 84.25}"
era5ts_24.75_85.00.zip,cds:reanalysis-era5-single-levels-timeseries,cds-request-sha256:23026555e845f691,2026-09-26T06:44:56+00:00,6b19a55ecad0b8f9cf5ca436d211372b871193d0bcf5169999e4de90223f431a,3100490,"{""latitude"": 24.75, ""longitude"": 85.0}"
era5ts_24.75_92.75.zip,cds:reanalysis-era5-single-levels-timeseries,cds-request-sha256:1706e1544530b6a8,2026-09-26T06:44:56+00:00,b5cec6d226095688c6d278728ffadaf78b46a06508d1a1fafc1556d418b6d141,3205077,"{""latitude"": 24.75, ""longitude"": 92.75}"
era5ts_24.75_94.00.zip,cds:reanalysis-era5-single-levels-timeseries,cds-request-sha256:3f6c4a0ae78fb9df,2026-09-26T06:45:21+00:00,2fc90d04c772ac817863db7ab1bf2a5f77061819daa9ede3900186eefe791bca,3176379,"{""latitude"": 24.75, ""longitude"": 94.0}"
era5ts_24.50_80.75.zip,cds:reanalysis-era5-single-levels-timeseries,cds-request-sha256:0b7fa7e49b299f74,2026-09-26T06:45:24+00:00,4983dbf25ad3ed41c929fea9c717fbf8c0565d28c60796eb89f22a6170477415,3095239,"{""latitude"": 24.5, ""longitude"": 80.75}"
era5ts_25.00_74.00.zip,cds:reanalysis-era5-single-levels-timeseries,cds-request-sha256:dab04a5deddf7973,2026-09-26T06:45:27+00:00,193408a640bc789d1cc0c63ef84b67f7cb312cd270dd82709d7089ae8c489fa5,3054351,"{""latitude"": 25.0, ""longitude"": 74.0}"
era5ts_25.00_72.75.zip,cds:reanalysis-era5-single-levels-timeseries,cds-request-sha256:fdc80e095066939d,2026-09-26T06:45:36+00:00,af14b56f2ff3c1222727cfca8e3a16adf28c3ab8600537b1e457d1f6a0acf617,3026840,"{""latitude"": 25.0, ""longitude"": 72.75}"
era5ts_25.00_76.50.zip,cds:reanalysis-era5-single-levels-timeseries,cds-request-sha256:74d8b78504b8a96f,2026-09-26T06:45:58+00:00,caf33f1890e59f77c84079c996c3a1c5a8ac73b1f314a7e9c3d277fa4a1ff0d3,3067294,"{""latitude"": 25.0, ""longitude"": 76.5}"
era5ts_25.00_74.50.zip,cds:reanalysis-era5-single-levels-timeseries,cds-request-sha256:aeb4c3d02b5d7de3,2026-09-26T06:46:01+00:00,cb7555255717ded9d7b0f7f46df06f9186593f75756c71a8157a1b1ce470d01b,3053600,"{""latitude"": 25.0, ""longitude"": 74.5}"
era5ts_25.00_84.00.zip,cds:reanalysis-era5-single-levels-timeseries,cds-request-sha256:143d9e78ecb659c7,2026-09-26T06:46:07+00:00,1c3c5310070161e4482f866e0d9991d6335b75c264b802147478745e861addff,3093992,"{""latitude"": 25.0, ""longitude"": 84.0}"
era5ts_25.00_85.50.zip,cds:reanalysis-era5-single-levels-timeseries,cds-request-sha256:522b6f6ccfe3dc82,2026-09-26T06:46:18+00:00,0d82bc75aefd479754bac9b27a6328d5cce85049172f61799e097ca3f62ec617,3096838,"{""latitude"": 25.0, ""longitude"": 85.5}"
era5ts_25.25_72.75.zip,cds:reanalysis-era5-single-levels-timeseries,cds-request-sha256:3111508073ba4f92,2026-09-26T06:46:29+00:00,ef2566019a029aabf10bf2d27e2b806d111d0868c44de875386713a965d3bd0b,3021023,"{""latitude"": 25.25, ""longitude"": 72.75}"
era5ts_25.25_74.50.zip,cds:reanalysis-era5-single-levels-timeseries,cds-request-sha256:23757fb84cef8e72,2026-09-26T06:46:33+00:00,513108191c5b1ec0e2f20bf04c4a913b4ac0177b2cd6c00bf2e217783c4837b6,3060402,"{""latitude"": 25.25, ""longitude"": 74.5}"
era5ts_25.25_75.75.zip,cds:reanalysis-era5-single-levels-timeseries,cds-request-sha256:ff14461d0143a35e,2026-09-26T06:46:40+00:00,a63284cf7c2779bd1f00268971096c72319c4b96bb3c465dc5687b3c4ef9dad0,3072852,"{""latitude"": 25.25, ""longitude"": 75.75}"
era5ts_25.25_83.00.zip,cds:reanalysis-era5-single-levels-timeseries,cds-request-sha256:38420b6d5e4d7be9,2026-09-26T06:46:48+00:00,b0fdbd7774609e4ebfe51db6419f62e9af858b3718b1972e335d9e8fb007a7e1,3092128,"{""latitude"": 25.25, ""longitude"": 83.0}"
era5ts_25.25_87.00.zip,cds:reanalysis-era5-single-levels-timeseries,cds-request-sha256:8b4b41aee552ad2e,2026-09-26T06:47:01+00:00,51fa413c906ffdf59846ca2f390c7efbd63cc9313d8c2310dc3b842e794b4484,3114811,"{""latitude"": 25.25, ""longitude"": 87.0}"
era5ts_25.50_75.75.zip,cds:reanalysis-era5-single-levels-timeseries,cds-request-sha256:0e96da2ce9d33329,2026-09-26T06:47:04+00:00,1e4d33397c965eed3237928ce6ed2455ed3f9bd6aa06120a44f8bf3ae943016d,3069488,"{""latitude"": 25.5, ""longitude"": 75.75}"
era5ts_25.25_85.50.zip,cds:reanalysis-era5-single-levels-timeseries,cds-request-sha256:82f6bc8e84745cef,2026-09-26T06:47:10+00:00,e359af1625b6da40d675ca243af3b188365d13c16210721e422c4d291501615c,3102585,"{""latitude"": 25.25, ""longitude"": 85.5}"
era5ts_25.50_78.50.zip,cds:reanalysis-era5-single-levels-timeseries,cds-request-sha256:615e207770a9e1f7,2026-09-26T06:47:20+00:00,1f4013bddf2f08c4344b9d9e186358e2f0ce74bbb8980763b49618f4910def87,3079897,"{""latitude"": 25.5, ""longitude"": 78.5}"
era5ts_25.50_81.75.zip,cds:reanalysis-era5-single-levels-timeseries,cds-request-sha256:3e5a1993cd2c7e2a,2026-09-26T06:47:41+00:00,5778efde91a254cfb8ca2b1e74562416dc4221a09450a306683acc19965bc9cf,3094535,"{""latitude"": 25.5, ""longitude"": 81.75}"
era5ts_25.50_84.75.zip,cds:reanalysis-era5-single-levels-timeseries,cds-request-sha256:206de350c1e712c7,2026-09-26T06:47:51+00:00,bbefaf9f1e2acfca44f9f200cf51d3c3fca6f3e60e0e33377fca5be2f9abd327,3106552,"{""latitude"": 25.5, ""longitude"": 84.75}"
era5ts_25.50_82.00.zip,cds:reanalysis-era5-single-levels-timeseries,cds-request-sha256:4f884a701fb2d753,2026-09-26T06:47:52+00:00,7cea242ac96fa3156ada1a084f16ed21c703781aff3d7805ed44eef4e76a5815,3092289,"{""latitude"": 25.5, ""longitude"": 82.0}"
era5ts_25.50_85.00.zip,cds:reanalysis-era5-single-levels-timeseries,cds-request-sha256:8831e7ce67c29865,2026-09-26T06:47:54+00:00,2581d678645a2f69f29bad6f2abd179b218a4a518758443b4c34a0078f5bc67a,3102259,"{""latitude"": 25.5, ""longitude"": 85.0}"
era5ts_25.50_85.25.zip,cds:reanalysis-era5-single-levels-timeseries,cds-request-sha256:cbc430de911bb03b,2026-09-26T06:48:14+00:00,863aa8341757336f05c371793e690925bfef9f92dd56b4b64d29328a69e4a839,3106080,"{""latitude"": 25.5, ""longitude"": 85.25}"
era5ts_25.50_87.50.zip,cds:reanalysis-era5-single-levels-timeseries,cds-request-sha256:8f3005c43f51defa,2026-09-26T06:48:21+00:00,da23ec4fa071ff96babb83ae87933214781c6777bb1854ba57d284ad959f498f,3126019,"{""latitude"": 25.5, ""longitude"": 87.5}"
era5ts_25.50_92.00.zip,cds:reanalysis-era5-single-levels-timeseries,cds-request-sha256:34f31d3580744995,2026-09-26T06:48:35+00:00,55987356d6cb3cf28a00b2ba1a521791ccdd732dd8ad97694917f743fcdd9532,3257443,"{""latitude"": 25.5, ""longitude"": 92.0}"
era5ts_25.50_86.50.zip,cds:reanalysis-era5-single-levels-timeseries,cds-request-sha256:55a1291356d9e3dd,2026-09-26T06:48:36+00:00,e07e2e91605cc4ce450cb8b481d7216cc4d994148bcaba2b6f2b7849c173205a,3117003,"{""latitude"": 25.5, ""longitude"": 86.5}"
era5ts_25.75_71.50.zip,cds:reanalysis-era5-single-levels-timeseries,cds-request-sha256:c65e4d82191d84c0,2026-09-26T06:48:54+00:00,959c223719427f73f9af6a1fe578ce6c0f613c09bd56b9aba7dbf14884565538,3011354,"{""latitude"": 25.75, ""longitude"": 71.5}"
era5ts_25.75_73.25.zip,cds:reanalysis-era5-single-levels-timeseries,cds-request-sha256:58729a7754e4e62e,2026-09-26T06:48:54+00:00,af63c377baceb22c26fbd1f55aa914626bd3f186f5f2e4251b05bc7c26f4fac8,3025508,"{""latitude"": 25.75, ""longitude"": 73.25}"
era5ts_25.75_84.75.zip,cds:reanalysis-era5-single-levels-timeseries,cds-request-sha256:d0a15ab673d664cb,2026-09-26T06:49:05+00:00,2a8ba1910d84bc50b5e48894147f0eb77dcc9cf1004a5431386e2bbeb9c623c1,3102945,"{""latitude"": 25.75, ""longitude"": 84.75}"
era5ts_25.75_85.25.zip,cds:reanalysis-era5-single-levels-timeseries,cds-request-sha256:d26684bff0cbc3d6,2026-09-26T06:49:14+00:00,802191bc24f3bcef7028fc1163a42fdb119bf60f6fd93467e765196a420ab14d,3105794,"{""latitude"": 25.75, ""longitude"": 85.25}"
era5ts_25.75_85.75.zip,cds:reanalysis-era5-single-levels-timeseries,cds-request-sha256:3ebfc552ccb32091,2026-09-26T06:49:35+00:00,705f193938986347269493af2342b80e507847a841e02733436b138635099e40,3112763,"{""latitude"": 25.75, ""longitude"": 85.75}"
era5ts_25.75_87.50.zip,cds:reanalysis-era5-single-levels-timeseries,cds-request-sha256:4ce20a591be8cfaa,2026-09-26T06:49:38+00:00,082aaf3251602cfcdfd835834e32a2038a9d4a6aac1d4507107d670040e5bc43,3145551,"{""latitude"": 25.75, ""longitude"": 87.5}"
era5ts_26.00_85.25.zip,cds:reanalysis-era5-single-levels-timeseries,cds-request-sha256:90f69869c9f9a372,2026-09-26T06:49:43+00:00,b48327eb3f53e3c76bacde9087fbbb7be375eb06a42b8ac6619579793d2dd61d,3104674,"{""latitude"": 26.0, ""longitude"": 85.25}"
era5ts_26.00_76.25.zip,cds:reanalysis-era5-single-levels-timeseries,cds-request-sha256:7fe11955899a00d2,2026-09-26T06:49:46+00:00,97da0544c69c592516785eaf3906abf379bee9c5e828c32d20600434d42cea58,3070342,"{""latitude"": 26.0, ""longitude"": 76.25}"
era5ts_26.00_85.50.zip,cds:reanalysis-era5-single-levels-timeseries,cds-request-sha256:2e55ae3ff2fb4ff3,2026-09-26T06:50:16+00:00,5d3da67fe301afe240e6ef822dd8425dc84349e976eba6f615d3a65febd98c33,3099125,"{""latitude"": 26.0, ""longitude"": 85.5}"
era5ts_26.00_86.50.zip,cds:reanalysis-era5-single-levels-timeseries,cds-request-sha256:cddaffc41b31ee0d,2026-09-26T06:50:20+00:00,4636c8590c1963fa291a115bd98454649690746ea828fe476a2d08fb0416f4c4,3119849,"{""latitude"": 26.0, ""longitude"": 86.5}"
era5ts_26.00_88.00.zip,cds:reanalysis-era5-single-levels-timeseries,cds-request-sha256:27d1305a4baf6e28,2026-09-26T06:50:24+00:00,7242a2690deaadfef7b578c1383c0651bb547fa1e05e58d989a2de50a1e8b6ba,3156036,"{""latitude"": 26.0, ""longitude"": 88.0}"
era5ts_26.00_91.50.zip,cds:reanalysis-era5-single-levels-timeseries,cds-request-sha256:dfee08a009e55ee4,2026-09-26T06:50:31+00:00,f1b77f6a111b2802aaadd9c5ac5429f64df80c9f6013429b61216573a17ed569,3190709,"{""latitude"": 26.0, ""longitude"": 91.5}"
era5ts_26.00_91.75.zip,cds:reanalysis-era5-single-levels-timeseries,cds-request-sha256:9a8510531b7513ed,2026-09-26T06:50:41+00:00,439b84ce8b33d24e2526ea2b49000018f9250ffa05f70b982a10195c4329b8c9,3197972,"{""latitude"": 26.0, ""longitude"": 91.75}"
era5ts_26.25_73.00.zip,cds:reanalysis-era5-single-levels-timeseries,cds-request-sha256:cfb9ec48027e65f4,2026-09-26T06:50:51+00:00,f8bcb298e200b2c3412a776d50f7a187e8a6c26e85e2d1f4217b37d28ece2fc1,3019588,"{""latitude"": 26.25, ""longitude"": 73.0}"
era5ts_26.25_75.75.zip,cds:reanalysis-era5-single-levels-timeseries,cds-request-sha256:b964b42f080aee14,2026-09-26T06:50:54+00:00,6c01b2cd27deb4e4872d49ecd65f097686a2f9524a5cdd5afde1aabe1501d467,3070215,"{""latitude"": 26.25, ""longitude"": 75.75}"
era5ts_26.25_78.25.zip,cds:reanalysis-era5-single-levels-timeseries,cds-request-sha256:831a8504c5f378b2,2026-09-26T06:51:18+00:00,c61bdb12a657332f26a73f848bab6867a0589c27fb730f27857ceb8b1babba9d,3081323,"{""latitude"": 26.25, ""longitude"": 78.25}"
era5ts_26.25_86.00.zip,cds:reanalysis-era5-single-levels-timeseries,cds-request-sha256:e6e5a76e4d57a55b,2026-09-26T06:51:23+00:00,e961792eb26e83742ba1bb24c7ea36ebae242baea76dcb933e0ff5fd3b5ccf7c,3122192,"{""latitude"": 26.25, ""longitude"": 86.0}"
era5ts_26.25_84.25.zip,cds:reanalysis-era5-single-levels-timeseries,cds-request-sha256:057f5dda10e6298c,2026-09-26T06:51:24+00:00,f8899940b69be63c30b3199b939cb16dbcfddd6b50fc11ac029ea43b14bef59c,3103294,"{""latitude"": 26.25, ""longitude"": 84.25}"
era5ts_26.25_85.25.zip,cds:reanalysis-era5-single-levels-timeseries,cds-request-sha256:8b4eb49bcf79f7db,2026-09-26T06:51:25+00:00,3840620fc4229e5982aae9e82e09bdd46797efa2bab84ee4fa4a365f558d0d4a,3113139,"{""latitude"": 26.25, ""longitude"": 85.25}"
era5ts_26.25_87.50.zip,cds:reanalysis-era5-single-levels-timeseries,cds-request-sha256:958b9a548c3682a6,2026-09-26T06:51:50+00:00,82bc74594d5913064f63fd435125f5e8663bf37ac86cef1ceb350a223f6fa52d,3164155,"{""latitude"": 26.25, ""longitude"": 87.5}"
era5ts_26.25_91.75.zip,cds:reanalysis-era5-single-levels-timeseries,cds-request-sha256:5a44e8bda680f906,2026-09-26T06:51:51+00:00,3a2578f92a8f7f3138d76e0f7cf3428acf81660ade3e77c69126e0be38ef938f,3221147,"{""latitude"": 26.25, ""longitude"": 91.75}"
era5ts_26.25_92.75.zip,cds:reanalysis-era5-single-levels-timeseries,cds-request-sha256:9d52bbf9e2477aa2,2026-09-26T06:51:55+00:00,98844c43e826bd3a88821f56f3fe4b528e8a383a09a7c687652c560a2425d82c,3202343,"{""latitude"": 26.25, ""longitude"": 92.75}"
era5ts_26.50_74.75.zip,cds:reanalysis-era5-single-levels-timeseries,cds-request-sha256:c3acd97d9083118b,2026-09-26T06:52:06+00:00,30284d97a9eae1384d385f8a1770d2f98b3b33257a80ad499f7793e781a68c60,3060000,"{""latitude"": 26.5, ""longitude"": 74.75}"
era5ts_26.50_77.00.zip,cds:reanalysis-era5-single-levels-timeseries,cds-request-sha256:4af2f807225be0f2,2026-09-26T06:52:22+00:00,7cc531c087dd4f4bf6334cda4c3bae9ecd49c0603baf7e5322c17469dbeb18f4,3072978,"{""latitude"": 26.5, ""longitude"": 77.0}"
era5ts_26.50_80.25.zip,cds:reanalysis-era5-single-levels-timeseries,cds-request-sha256:0c6b6b6a1f90cd70,2026-09-26T06:52:31+00:00,5f7573eadeb12f7dbe6e8565429dd7329e12f61bf01793570c8fcac8eb6e76d6,3085360,"{""latitude"": 26.5, ""longitude"": 80.25}"
era5ts_26.75_75.75.zip,cds:reanalysis-era5-single-levels-timeseries,cds-request-sha256:63e78c3b13e6c177,2026-09-26T06:52:34+00:00,e6b1ba93603d7d546b7e9cd80b6b65f7b22f58ce790352614b12c749eb94b52f,3071144,"{""latitude"": 26.75, ""longitude"": 75.75}"
era5ts_26.50_91.50.zip,cds:reanalysis-era5-single-levels-timeseries,cds-request-sha256:768056d25a740ea7,2026-09-26T06:52:37+00:00,ec5555d22673f295816a8588afc865e6f303557d08a5570a28006ee95f331557,3195228,"{""latitude"": 26.5, ""longitude"": 91.5}"
era5ts_26.75_78.00.zip,cds:reanalysis-era5-single-levels-timeseries,cds-request-sha256:34d2685e2587c3ac,2026-09-26T06:52:51+00:00,59c9111a4093f1055587e37ee4a14764a0942ab8fbeff178d505a7982023af67,3069948,"{""latitude"": 26.75, ""longitude"": 78.0}"
era5ts_26.75_81.00.zip,cds:reanalysis-era5-single-levels-timeseries,cds-request-sha256:20d473edf7eab5fc,2026-09-26T06:53:28+00:00,03874e4d9c9948b461377039399b20f4eb35d27f1c6c7f3cb848c41176874be8,3083146,"{""latitude"": 26.75, ""longitude"": 81.0}"
era5ts_26.75_83.50.zip,cds:reanalysis-era5-single-levels-timeseries,cds-request-sha256:dadfb5c0975e7965,2026-09-26T06:53:34+00:00,73a496babe0ced72e1cb65c1244d147319f81c4671db979e0c0f3269dce09f96,3112582,"{""latitude"": 26.75, ""longitude"": 83.5}"
era5ts_26.75_84.50.zip,cds:reanalysis-era5-single-levels-timeseries,cds-request-sha256:f83c36c0ae3ca37a,2026-09-26T06:53:40+00:00,8e8033bbe6c33675c6aa48929b14cf76cc28b34c76ef4a01f01091e932d77883,3118142,"{""latitude"": 26.75, ""longitude"": 84.5}"
era5ts_26.75_85.00.zip,cds:reanalysis-era5-single-levels-timeseries,cds-request-sha256:2f0a5aefdb07d4c2,2026-09-26T06:53:51+00:00,43cad38fa587a33951643d215f978ba5b4dd3c2aaa23abb0d9778e4d0c118db5,3129050,"{""latitude"": 26.75, ""longitude"": 85.0}"
era5ts_27.00_71.00.zip,cds:reanalysis-era5-single-levels-timeseries,cds-request-sha256:67b29a09bd4c08e3,2026-09-26T06:54:01+00:00,48b824337056f4994fd06a6c490940c18baceecb5e84b3a544f6bfa20a881b75,2989213,"{""latitude"": 27.0, ""longitude"": 71.0}"
era5ts_26.75_88.50.zip,cds:reanalysis-era5-single-levels-timeseries,cds-request-sha256:d20e0cc0f4e54c57,2026-09-26T06:54:09+00:00,4177f7eb6d99f4a859f6ba8feed9e87e2e35727de04a9780013c34097526296f,3184743,"{""latitude"": 26.75, ""longitude"": 88.5}"
era5ts_27.00_75.75.zip,cds:reanalysis-era5-single-levels-timeseries,cds-request-sha256:e91fbefbddc9a93b,2026-09-26T06:54:13+00:00,ee79b2ba66be5814783e00a1f78e83753e0e2dda5607f5b7d3871a4b265c203f,3070086,"{""latitude"": 27.0, ""longitude"": 75.75}"
era5ts_27.00_76.25.zip,cds:reanalysis-era5-single-levels-timeseries,cds-request-sha256:ad9bf799556ec3f1,2026-09-26T06:54:32+00:00,4bc2042905ec4f5f5b4a0dbebb2c18917fd4fcc5f9179b62aefadc17c65feddd,3075969,"{""latitude"": 27.0, ""longitude"": 76.25}"
era5ts_27.00_81.00.zip,cds:reanalysis-era5-single-levels-timeseries,cds-request-sha256:e60b6b845cadc731,2026-09-26T06:54:38+00:00,1958391b6dbbe63a2c2a3926446f346e74c5f985d4cd7c3eb690ad51a0886e8e,3081646,"{""latitude"": 27.0, ""longitude"": 81.0}"
era5ts_27.00_78.00.zip,cds:reanalysis-era5-single-levels-timeseries,cds-request-sha256:75dc45fa5583011f,2026-09-26T06:54:44+00:00,1fc422f615e8c0a1a04a6c35c31d5dae69ede6beaee412c781e7326ddb5625fb,3066130,"{""latitude"": 27.0, ""longitude"": 78.0}"
era5ts_27.00_93.75.zip,cds:reanalysis-era5-single-levels-timeseries,cds-request-sha256:13093665eb7f9a8c,2026-09-26T06:54:45+00:00,de419dff4de5907eb9ed27392079eba1bc8e87531106feb4be1b04dba57107d7,3228172,"{""latitude"": 27.0, ""longitude"": 93.75}"
era5ts_27.25_73.75.zip,cds:reanalysis-era5-single-levels-timeseries,cds-request-sha256:b00528584071f336,2026-09-26T06:55:06+00:00,2b41ca17ac63f010d97c385fadaf7058e00564d8cea05860a4369d1627d97f31,3029886,"{""latitude"": 27.25, ""longitude"": 73.75}"
era5ts_27.00_94.75.zip,cds:reanalysis-era5-single-levels-timeseries,cds-request-sha256:ae06a4cbfe1587c4,2026-09-26T06:55:12+00:00,0edc5566cfe588d8da843e93d90149be4481fbebabcefe697d3af58c4540b720,3214892,"{""latitude"": 27.0, ""longitude"": 94.75}"
era5ts_27.25_77.50.zip,cds:reanalysis-era5-single-levels-timeseries,cds-request-sha256:2d02bb4ce5a8004a,2026-09-26T06:55:15+00:00,ff240618a375a7125eea8813ca30e73e2d80a041a8c6c8859bc89b9755390525,3075605,"{""latitude"": 27.25, ""longitude"": 77.5}"
era5ts_27.25_78.00.zip,cds:reanalysis-era5-single-levels-timeseries,cds-request-sha256:e928659d6d2a2295,2026-09-26T06:55:26+00:00,85ffb03a414e947b02aaf2f92d397eb291a79bc681a8cd2a0041cf87123b6e6c,3068838,"{""latitude"": 27.25, ""longitude"": 78.0}"
era5ts_27.25_78.50.zip,cds:reanalysis-era5-single-levels-timeseries,cds-request-sha256:1e5606f22070ab98,2026-09-26T06:55:38+00:00,b810850fdf7d26640514ceda3d9449aa660a19396a89c1a241f27b7142154555,3075298,"{""latitude"": 27.25, ""longitude"": 78.5}"
era5ts_27.25_84.50.zip,cds:reanalysis-era5-single-levels-timeseries,cds-request-sha256:6b3211c93108ed0d,2026-09-26T06:55:52+00:00,1aa71b92568c2a47a69c7007581a063d04d06ded5b3bbce2d229967abac8a1be,3125173,"{""latitude"": 27.25, ""longitude"": 84.5}"
era5ts_27.50_75.25.zip,cds:reanalysis-era5-single-levels-timeseries,cds-request-sha256:7b09bf428d1d1d54,2026-09-26T06:55:55+00:00,7f944ff8b4d4a459639c8020d154109f414a304f2789eae11b186fc92c4723db,3057329,"{""latitude"": 27.5, ""longitude"": 75.25}"
era5ts_27.25_88.50.zip,cds:reanalysis-era5-single-levels-timeseries,cds-request-sha256:909aa6c60f8fbe5f,2026-09-26T06:55:56+00:00,045a6d68577554d4cb453707de2df56325b246f08ba9008dab461d645b7969e4,3386108,"{""latitude"": 27.25, ""longitude"": 88.5}"
era5ts_27.50_76.50.zip,cds:reanalysis-era5-single-levels-timeseries,cds-request-sha256:ac4883660bbb0af4,2026-09-26T06:56:20+00:00,03eaad4eb9cfc919cd263a3ea1c60fd2a311083c1a98feb07ea8004c51b0a9f2,3070212,"{""latitude"": 27.5, ""longitude"": 76.5}"
era5ts_27.50_77.75.zip,cds:reanalysis-era5-single-levels-timeseries,cds-request-sha256:f4801e7527fd926f,2026-09-26T06:56:23+00:00,4522cd3cc2aae3e811be6099e17b01f017b63ef83f203d6ee735bd7d3175f093,3072315,"{""latitude"": 27.5, ""longitude"": 77.75}"
era5ts_28.00_73.25.zip,cds:reanalysis-era5-single-levels-timeseries,cds-request-sha256:e856be185954765f,2026-09-26T06:56:39+00:00,85ede1a1185110982355048d26b9212068c49697953872c2d0f5fcc1f2527562,3024305,"{""latitude"": 28.0, ""longitude"": 73.25}"
era5ts_28.00_75.50.zip,cds:reanalysis-era5-single-levels-timeseries,cds-request-sha256:38e64782cff859fe,2026-09-26T06:56:44+00:00,2aca4ea15b2a3ab456b851d502086800c5582ea902c43caafbd79fde9c3e1235,3056858,"{""latitude"": 28.0, ""longitude"": 75.5}"
era5ts_28.00_76.00.zip,cds:reanalysis-era5-single-levels-timeseries,cds-request-sha256:c2be6583682ffec2,2026-09-26T06:57:01+00:00,ab83f0a1327c45562ea6960b9e86b822c118f52b9f0780c1337688f2b83da7da,3064907,"{""latitude"": 28.0, ""longitude"": 76.0}"
era5ts_28.25_75.00.zip,cds:reanalysis-era5-single-levels-timeseries,cds-request-sha256:e017fc9b62f03f17,2026-09-26T06:57:06+00:00,4a907a156846666eeafb56c4e94f592c5d245a4bd12258d2897a8de78239c5b4,3046099,"{""latitude"": 28.25, ""longitude"": 75.0}"
era5ts_28.25_77.00.zip,cds:reanalysis-era5-single-levels-timeseries,cds-request-sha256:479c3a479290bc23,2026-09-26T06:57:13+00:00,c72a8350b23cc737bdfdae1f20510877c4d9104e02a7ae8b04d56609cce0a66e,3072562,"{""latitude"": 28.25, ""longitude"": 77.0}"
era5ts_28.25_76.75.zip,cds:reanalysis-era5-single-levels-timeseries,cds-request-sha256:6ef1f375f66fe2d0,2026-09-26T06:57:21+00:00,bcc8d876212f2c6e3264ce93260237ddaee530c696fa5656f7c8aee348fd4084,3068642,"{""latitude"": 28.25, ""longitude"": 76.75}"
era5ts_28.25_77.25.zip,cds:reanalysis-era5-single-levels-timeseries,cds-request-sha256:d531c94704d92054,2026-09-26T06:57:23+00:00,d43fb6c5d383c1353f0e34434aec3467f4a486880fb9f23af1c8711b436c945e,3069927,"{""latitude"": 28.25, ""longitude"": 77.25}"
era5ts_28.25_77.75.zip,cds:reanalysis-era5-single-levels-timeseries,cds-request-sha256:c747922cca4806a7,2026-09-26T06:57:40+00:00,58a3a6724909751600a0fe4d7f5779508d023560b97d24cdf091f57138d2fe33,3069938,"{""latitude"": 28.25, ""longitude"": 77.75}"
era5ts_28.25_79.50.zip,cds:reanalysis-era5-single-levels-timeseries,cds-request-sha256:66f636f509a5f0f4,2026-09-26T06:57:52+00:00,6dd5c4d0d96944905af7e441c8f0f8806e38b7befff2effd658c5216fd9793c3,3083458,"{""latitude"": 28.25, ""longitude"": 79.5}"
era5ts_28.50_76.25.zip,cds:reanalysis-era5-single-levels-timeseries,cds-request-sha256:1df6ff9d4f4a4e00,2026-09-26T06:57:54+00:00,535af7f4f21e3fecf19882b8b3cfd0b85b101a1fa5864e62f02452e3bfd0a092,3059526,"{""latitude"": 28.5, ""longitude"": 76.25}"
era5ts_28.50_77.00.zip,cds:reanalysis-era5-single-levels-timeseries,cds-request-sha256:6596067170f54857,2026-09-26T06:58:04+00:00,d2ffcaa0edbcf32352cc5a9110de5d77b05d4399b7b87d26d19d510d0ee9a9ff,3070078,"{""latitude"": 28.5, ""longitude"": 77.0}"
era5ts_28.50_77.25.zip,cds:reanalysis-era5-single-levels-timeseries,cds-request-sha256:fdc2b114189af678,2026-09-26T06:58:14+00:00,336ba799df3f53c798d7fbd02072c513bcd3c65b28e3268b74733542bf92cbb3,3070613,"{""latitude"": 28.5, ""longitude"": 77.25}"
era5ts_28.50_77.50.zip,cds:reanalysis-era5-single-levels-timeseries,cds-request-sha256:ac69d0aca3587ce0,2026-09-26T06:58:21+00:00,ce52d39491bb1833f214953efb96df929fe1274a3a4f0da135e25d3e092a8626,3058875,"{""latitude"": 28.5, ""longitude"": 77.5}"
era5ts_28.50_77.75.zip,cds:reanalysis-era5-single-levels-timeseries,cds-request-sha256:8dea888eb37a8fb8,2026-09-26T06:58:23+00:00,a7d22048e9f55b4faad0162921e183dbae6d83d676b1da8e9f6c0a53719f1caa,3070392,"{""latitude"": 28.5, ""longitude"": 77.75}"
era5ts_28.50_79.50.zip,cds:reanalysis-era5-single-levels-timeseries,cds-request-sha256:b32a886ebd2b1a6b,2026-09-26T06:58:44+00:00,19206c58a7fb998d42e3cfc799e0e4ece1a750f24e198dae7a0f599babb1b84e,3086544,"{""latitude"": 28.5, ""longitude"": 79.5}"
era5ts_28.75_77.25.zip,cds:reanalysis-era5-single-levels-timeseries,cds-request-sha256:66437430374a5f83,2026-09-26T06:58:56+00:00,cfb4f286158b063bb655b65bc6cb23bdf91213030022ac8ca827b696aee1f982,3072749,"{""latitude"": 28.75, ""longitude"": 77.25}"
era5ts_28.75_76.25.zip,cds:reanalysis-era5-single-levels-timeseries,cds-request-sha256:06bf25bccd83a8b6,2026-09-26T06:58:56+00:00,24707f0de7493d4453a233ab986b073f4c83e0c1f5483bfded2450b6936915f4,3061403,"{""latitude"": 28.75, ""longitude"": 76.25}"
era5ts_28.75_77.00.zip,cds:reanalysis-era5-single-levels-timeseries,cds-request-sha256:5e104625a5cee2da,2026-09-26T06:59:00+00:00,7aa4cf1927eaadc6915179b43837ba0e9f41753650defd05aca13251c6572706,3070891,"{""latitude"": 28.75, ""longitude"": 77.0}"
era5ts_28.75_77.50.zip,cds:reanalysis-era5-single-levels-timeseries,cds-request-sha256:d304ffa3622eaead,2026-09-26T06:59:19+00:00,5256c6d0abaa7f2e30da37dcdea3e57a9b3af950be352fd824c7c61db420f029,3065513,"{""latitude"": 28.75, ""longitude"": 77.5}"
era5ts_29.00_76.50.zip,cds:reanalysis-era5-single-levels-timeseries,cds-request-sha256:3981b22508a76247,2026-09-26T06:59:28+00:00,e96ae7ffee697f0191c3fed6656df384016b5089671ffb8d8e342b532f5eb2b2,3067675,"{""latitude"": 29.0, ""longitude"": 76.5}"
era5ts_28.75_78.75.zip,cds:reanalysis-era5-single-levels-timeseries,cds-request-sha256:2672c93e8be7b92f,2026-09-26T06:59:37+00:00,6dd0053b76dc6fc4ad1e2891c84edbb097d00f5aed3751eb55d21ba449fa9557,3075962,"{""latitude"": 28.75, ""longitude"": 78.75}"
era5ts_28.75_77.75.zip,cds:reanalysis-era5-single-levels-timeseries,cds-request-sha256:c0537f95644fbfe2,2026-09-26T06:59:40+00:00,bb54553b4001a0b038632d230c7951ffc1bc9ed55f6bcf88317f00d420c3a635,3072759,"{""latitude"": 28.75, ""longitude"": 77.75}"
era5ts_29.00_77.00.zip,cds:reanalysis-era5-single-levels-timeseries,cds-request-sha256:6c64c2daefb3bb35,2026-09-26T06:59:54+00:00,f243b65db8c30828e84a0567e623b53f48fa49d326ff080ea44620023ea52780,3068207,"{""latitude"": 29.0, ""longitude"": 77.0}"
era5ts_29.00_77.25.zip,cds:reanalysis-era5-single-levels-timeseries,cds-request-sha256:888b838807544e44,2026-09-26T07:00:10+00:00,534c865d60eba656615ceaa9e472ef837a2a927384c8da53afffd058d9d534de,3070185,"{""latitude"": 29.0, ""longitude"": 77.25}"
era5ts_29.00_78.75.zip,cds:reanalysis-era5-single-levels-timeseries,cds-request-sha256:ea9e65073d928840,2026-09-26T07:00:11+00:00,5056f990961cdc4c6ef4a43ad60c7cfa1ade728e276e51c8bc1d1b2fddbeccf4,3083128,"{""latitude"": 29.0, ""longitude"": 78.75}"
era5ts_29.00_77.75.zip,cds:reanalysis-era5-single-levels-timeseries,cds-request-sha256:4e3df2edc696ac65,2026-09-26T07:00:19+00:00,1589e101eedc5951030367dfe894190f1e90daaf34c85269e1e9cff788e03e3c,3075588,"{""latitude"": 29.0, ""longitude"": 77.75}"
era5ts_29.25_75.75.zip,cds:reanalysis-era5-single-levels-timeseries,cds-request-sha256:4053ed2c84488e66,2026-09-26T07:00:36+00:00,e73e3a140cb17d152d9133130d88e2d394166ca962fc791fdc1404f564737d8e,3061154,"{""latitude"": 29.25, ""longitude"": 75.75}"
era5ts_29.50_74.25.zip,cds:reanalysis-era5-single-levels-timeseries,cds-request-sha256:ab3f2dbcb60a9960,2026-09-26T07:00:41+00:00,0ec439369c81c6ed27793b5b3dd4d7b99bf213810ba2a50577ba37f76c2571b3,3039476,"{""latitude"": 29.5, ""longitude"": 74.25}"
era5ts_29.25_76.25.zip,cds:reanalysis-era5-single-levels-timeseries,cds-request-sha256:11365e68e9ff04f0,2026-09-26T07:00:43+00:00,2f386251ef978f25634b686698bc13ae6d152b7961ea6fefc8c1ec24467f289b,3063996,"{""latitude"": 29.25, ""longitude"": 76.25}"
era5ts_29.50_75.00.zip,cds:reanalysis-era5-single-levels-timeseries,cds-request-sha256:47ee8250a1901aee,2026-09-26T07:01:01+00:00,dd4c1cf1b727d11e689fc31a5b4e3344743881d3e14e9c0a44123939204159d1,3045061,"{""latitude"": 29.5, ""longitude"": 75.0}"
era5ts_29.50_75.50.zip,cds:reanalysis-era5-single-levels-timeseries,cds-request-sha256:2d84cc97ac8fb580,2026-09-26T07:01:18+00:00,7ccedcccdf8bb92bfc826eff6485b9a0d5294ed67f457e6383d5f0c833ce28e4,3057133,"{""latitude"": 29.5, ""longitude"": 75.5}"
era5ts_29.50_77.75.zip,cds:reanalysis-era5-single-levels-timeseries,cds-request-sha256:6f0fdc3bc85ba68f,2026-09-26T07:01:23+00:00,06114e945c013c071afcb967afcacb5cec7354b10c742f0092c17e37ed9d62c1,3085193,"{""latitude"": 29.5, ""longitude"": 77.75}"
era5ts_29.50_77.00.zip,cds:reanalysis-era5-single-levels-timeseries,cds-request-sha256:772941f7f42d5d43,2026-09-26T07:01:29+00:00,853b459a9d5891e5b11dd4abae64366b3aeb0fab8afcc9d4d6baea1752e0c62a,3072868,"{""latitude"": 29.5, ""longitude"": 77.0}"
era5ts_29.75_76.50.zip,cds:reanalysis-era5-single-levels-timeseries,cds-request-sha256:2bb7e35b0fda9a1d,2026-09-26T07:01:41+00:00,5fe585c62c70ea00ea8e6adaa31eae66c14f644d7aff7ecfbc9cc5c2b9458edc,3068968,"{""latitude"": 29.75, ""longitude"": 76.5}"
era5ts_30.00_73.75.zip,cds:reanalysis-era5-single-levels-timeseries,cds-request-sha256:23ad494d070196f6,2026-09-26T07:01:52+00:00,ded9b0ebae6643bce49af6c523450d978d2163100a6bb22cc0352731a52168d2,3030362,"{""latitude"": 30.0, ""longitude"": 73.75}"
era5ts_30.00_77.00.zip,cds:reanalysis-era5-single-levels-timeseries,cds-request-sha256:32b32f99b0402fbb,2026-09-26T07:01:57+00:00,cc647830018ad125bd2623e8168baf28ac0251c77d95fcdbb752660b3c015161,3079323,"{""latitude"": 30.0, ""longitude"": 77.0}"
era5ts_29.75_77.00.zip,cds:reanalysis-era5-single-levels-timeseries,cds-request-sha256:0320f719ad939380,2026-09-26T07:02:04+00:00,b47904516849b255a6e3a98ad0aee2a190ee11de63bc63b926892aae140cb0b0,3075050,"{""latitude"": 29.75, ""longitude"": 77.0}"
era5ts_30.00_78.25.zip,cds:reanalysis-era5-single-levels-timeseries,cds-request-sha256:4dce68c6962d9755,2026-09-26T07:02:23+00:00,15b5b2379ea3b9e307ff513f7b533cfc17037163e1cf1fd0e4803c1c2c4d03f8,3112387,"{""latitude"": 30.0, ""longitude"": 78.25}"
era5ts_30.25_77.25.zip,cds:reanalysis-era5-single-levels-timeseries,cds-request-sha256:8713d2159f085887,2026-09-26T07:02:27+00:00,70b1f16df3e8482fd87d5f4ca0a2ea197cd6b76f3100d3cf0bd48ee0510d358c,3099871,"{""latitude"": 30.25, ""longitude"": 77.25}"
era5ts_30.25_76.25.zip,cds:reanalysis-era5-single-levels-timeseries,cds-request-sha256:f6fff21e6eedfcba,2026-09-26T07:02:28+00:00,2aca3e669659ee4c147e619298039efc7e602091c50d8e67e85dfcfa67528f80,3068926,"{""latitude"": 30.25, ""longitude"": 76.25}"
era5ts_30.25_75.00.zip,cds:reanalysis-era5-single-levels-timeseries,cds-request-sha256:6ba20608867638e4,2026-09-26T07:02:36+00:00,9267cb57e2f464b601890fc5aeaaef4eef61743a9359f8cc9ff8de72c00e1364,3055963,"{""latitude"": 30.25, ""longitude"": 75.0}"
era5ts_30.25_78.00.zip,cds:reanalysis-era5-single-levels-timeseries,cds-request-sha256:51857a4e00dd8855,2026-09-26T07:02:55+00:00,b3272e212274797a02e517db34cf6b08913f794fd78e97c7e04b5f341b6e6754,3115402,"{""latitude"": 30.25, ""longitude"": 78.0}"
era5ts_30.50_76.75.zip,cds:reanalysis-era5-single-levels-timeseries,cds-request-sha256:fb6b3507bbbdbc8b,2026-09-26T07:03:04+00:00,a26b43ff2e4c2a5fe7ed46d6108c3dbdf1f527492d535b3ac5752c34a092dfae,3072309,"{""latitude"": 30.5, ""longitude"": 76.75}"
era5ts_30.75_76.25.zip,cds:reanalysis-era5-single-levels-timeseries,cds-request-sha256:ff8596dfa3dce648,2026-09-26T07:03:08+00:00,f3859cf705fcb58973be84b4c7c56a0858928fa6151ed7a0a16ac757437e6791,3077823,"{""latitude"": 30.75, ""longitude"": 76.25}"
era5ts_30.75_76.75.zip,cds:reanalysis-era5-single-levels-timeseries,cds-request-sha256:87d06f99ed239152,2026-09-26T07:03:24+00:00,05e7a0ebe50ff60249949a773a052c763eb4a9c6acf7978d5649fd30da4c74b7,3082255,"{""latitude"": 30.75, ""longitude"": 76.75}"
era5ts_31.00_75.75.zip,cds:reanalysis-era5-single-levels-timeseries,cds-request-sha256:f72237244cff7596,2026-09-26T07:03:26+00:00,3fea7af01cf4718b551d8b76117558a9670c599903bc809ab4f5461077b2747d,3071082,"{""latitude"": 31.0, ""longitude"": 75.75}"
era5ts_31.25_75.50.zip,cds:reanalysis-era5-single-levels-timeseries,cds-request-sha256:4c35d646c3567c86,2026-09-26T07:03:45+00:00,008119f2757414931830cd85b65c82ae7434ce3491f4c9fdb1061af8a6694451,3073822,"{""latitude"": 31.25, ""longitude"": 75.5}"
era5ts_31.00_76.75.zip,cds:reanalysis-era5-single-levels-timeseries,cds-request-sha256:afbd541a17d33568,2026-09-26T07:03:49+00:00,f394f80034c8ed7d4b040736dd3a9ec3c62bc7ea1646dcdb0c5d4bffdcad46e3,3080590,"{""latitude"": 31.0, ""longitude"": 76.75}"
era5ts_31.00_76.50.zip,cds:reanalysis-era5-single-levels-timeseries,cds-request-sha256:ad62c2094aced44d,2026-09-26T07:03:51+00:00,9257f19b99b5aba5b0c14c46451a83c5765a75897f6a5a0c3d4373a8f9f4e2d2,3084537,"{""latitude"": 31.0, ""longitude"": 76.5}"
era5ts_31.50_75.00.zip,cds:reanalysis-era5-single-levels-timeseries,cds-request-sha256:a8058da761caa67c,2026-09-26T07:03:56+00:00,6332be33ea164e72c51aa5bc59cf936254f3da5ce72d8cae2d5f51fb3fdea8f6,3071290,"{""latitude"": 31.5, ""longitude"": 75.0}"
era5ts_34.00_74.75.zip,cds:reanalysis-era5-single-levels-timeseries,cds-request-sha256:cc16086133322d02,2026-09-26T07:04:28+00:00,35d4b0d5b076674632dd87081fe5f9d69b3ea46733ccc8af95a64032ee7377bd,3174008,"{""latitude"": 34.0, ""longitude"": 74.75}"
era5ts_10.50_76.25.zip,cds:reanalysis-era5-single-levels-timeseries,cds-request-sha256:d7e9b7ed63f86ef4,2026-09-27T12:46:49+00:00,8aa3b00bf80471750aa0aac6c3e607ba9a2b40acd32363775144a4661e109f19,3243030,"{""latitude"": 10.5, ""longitude"": 76.25}"
era5ts_13.50_79.50.zip,cds:reanalysis-era5-single-levels-timeseries,cds-request-sha256:9541c7a758618a69,2026-09-27T12:46:56+00:00,28105d4fcb6a7504da52112b4f3f135119b1cc9f404f9c4981c6f334d390b38b,3113275,"{""latitude"": 13.5, ""longitude"": 79.5}"
era5ts_12.25_76.50.zip,cds:reanalysis-era5-single-levels-timeseries,cds-request-sha256:8f3cfa644fc214da,2026-09-27T12:46:58+00:00,8e18e8729e8f7e5726b59324ff98c8198e70ecf8678c9c981b128d8e786280d4,3139248,"{""latitude"": 12.25, ""longitude"": 76.5}"
era5ts_13.75_79.25.zip,cds:reanalysis-era5-single-levels-timeseries,cds-request-sha256:7a7081547885c22c,2026-09-27T12:48:54+00:00,3460ba24ce9a669ce84f43e5c294847d9577bc3a78ca32e55742ae1c609b7a88,3116691,"{""latitude"": 13.75, ""longitude"": 79.25}"
era5ts_17.00_81.75.zip,cds:reanalysis-era5-single-levels-timeseries,cds-request-sha256:d0d957567689857e,2026-09-27T12:48:59+00:00,10970bf65f2468cb87d457f63fc2a39b9aa0053107d0d2d846801ca9b1260835,3102666,"{""latitude"": 17.0, ""longitude"": 81.75}"
era5ts_19.75_76.00.zip,cds:reanalysis-era5-single-levels-timeseries,cds-request-sha256:3b0a13708772200d,2026-09-27T12:49:01+00:00,a6bcd3be5eaab614960d0097673e115f82767c2d5cd1b52206b5d7b4091b042b,3087410,"{""latitude"": 19.75, ""longitude"": 76.0}"
era5ts_11.25_78.25.zip,cds:reanalysis-era5-single-levels-timeseries,cds-request-sha256:d6ca8ae21da46a75,2026-09-27T12:49:22+00:00,703b30e3bd5ffbe4a07afbfb0b27cc8d0d473b205e6f20971884628e023553fc,3134439,"{""latitude"": 11.25, ""longitude"": 78.25}"
era5ts_21.50_87.00.zip,cds:reanalysis-era5-single-levels-timeseries,cds-request-sha256:a7b2e3a11345c302,2026-09-27T12:49:45+00:00,7feb7cb99684ec33761da89a94c5d8b1b97df218764b8538c958b0078d6496d4,3104133,"{""latitude"": 21.5, ""longitude"": 87.0}"
era5ts_22.00_88.00.zip,cds:reanalysis-era5-single-levels-timeseries,cds-request-sha256:a2a1a32e616f872b,2026-09-27T12:49:46+00:00,e7a65f8751ed5d682f4f4ea394fd1634d5749fac3e648a8b586f9751fd2c6daa,3123021,"{""latitude"": 22.0, ""longitude"": 88.0}"
era5ts_20.00_85.00.zip,cds:reanalysis-era5-single-levels-timeseries,cds-request-sha256:2503e8419968aa7e,2026-09-27T12:49:56+00:00,1b2db4f2bacdcd9e47ea211da2b2e9825674c926e360fb692a977e78af76a25f,3122204,"{""latitude"": 20.0, ""longitude"": 85.0}"
era5ts_22.50_82.75.zip,cds:reanalysis-era5-single-levels-timeseries,cds-request-sha256:7c5b6b2d541740e2,2026-09-27T12:50:05+00:00,74f33e48abb09e7f2985e97ea307418e8ad862675c30ee819d2a6445d305f6d6,3123632,"{""latitude"": 22.5, ""longitude"": 82.75}"
era5ts_23.75_86.50.zip,cds:reanalysis-era5-single-levels-timeseries,cds-request-sha256:caf2af803db5420a,2026-09-27T12:50:26+00:00,bc217b9f429f1100e29d67edd9fef60983c6c7dc226b74ecbc3da396ced49d9a,3114513,"{""latitude"": 23.75, ""longitude"": 86.5}"
era5ts_24.00_82.75.zip,cds:reanalysis-era5-single-levels-timeseries,cds-request-sha256:06e48b44b99c31a3,2026-09-27T12:50:31+00:00,15235428b8a140ff8f51f5ff1234f70f1916fc1e57dd857a2bd781391f15950b,3101233,"{""latitude"": 24.0, ""longitude"": 82.75}"
era5ts_23.75_80.50.zip,cds:reanalysis-era5-single-levels-timeseries,cds-request-sha256:b7ff02da797f7896,2026-09-27T12:50:41+00:00,306a2c799d765bbab4cc6407b7777b55b652c4f35822a0a598fd814261f0902e,3090327,"{""latitude"": 23.75, ""longitude"": 80.5}"
era5ts_25.50_84.00.zip,cds:reanalysis-era5-single-levels-timeseries,cds-request-sha256:730aa32fee720a86,2026-09-27T12:50:48+00:00,aa501deebcf943c2784e9f7f5b42b5fea80d4861f0afa519a93b8264e60ee44e,3092816,"{""latitude"": 25.5, ""longitude"": 84.0}"
era5ts_25.75_94.00.zip,cds:reanalysis-era5-single-levels-timeseries,cds-request-sha256:db624fa117d61382,2026-09-27T12:51:03+00:00,f355a462efa1993cc2d8aae03746074b32bbcc36c5018d1a9e3e3840dc3cebb5,3238955,"{""latitude"": 25.75, ""longitude"": 94.0}"
era5ts_25.50_86.25.zip,cds:reanalysis-era5-single-levels-timeseries,cds-request-sha256:ebc9b10978a7a962,2026-09-27T12:51:08+00:00,9c55cee1485cd8e6dcac9f70463664f82f1dadf6bcefc3790186533ba37c2464,3112511,"{""latitude"": 25.5, ""longitude"": 86.25}"
era5ts_28.00_77.00.zip,cds:reanalysis-era5-single-levels-timeseries,cds-request-sha256:77d6cc32d73907cf,2026-09-27T12:51:27+00:00,a0bae58add3cc0cb211302c1aa3530d8c2cbca8a00b34ad7d332a1d0a4b9d1e5,3070235,"{""latitude"": 28.0, ""longitude"": 77.0}"
era5ts_29.25_79.00.zip,cds:reanalysis-era5-single-levels-timeseries,cds-request-sha256:e6f55070f0fe6091,2026-09-27T12:51:38+00:00,3854380d535967e6c0ddee1c8ccccec22418a3632c8d86f733688b2d91a8755c,3078789,"{""latitude"": 29.25, ""longitude"": 79.0}"
era5ts_34.00_75.00.zip,cds:reanalysis-era5-single-levels-timeseries,cds-request-sha256:90b035c91024863d,2026-09-27T12:51:39+00:00,d75d55b0e1e174c9b50a7e0195307b9dff4cf934e38d2a441a89f6c726d410d1,3230214,"{""latitude"": 34.0, ""longitude"": 75.0}"
