unit_id,name,unshrunk_pct,unshrunk_lo95_pct,unshrunk_hi95_pct,shrunken_pct,shrunken_lo95_pct,shrunken_hi95_pct,note
u0456,Agra,4.8431,-4.7052,15.3483,2.2193,-1.212,6.1497,relative change against a synthetic comparison; not an effect of NCAP
u0129,Ahmedabad,3.2175,-6.1828,13.5597,3.6021,0.0444,7.2812,relative change against a synthetic comparison; not an effect of NCAP
u0624,Akola,5.5164,-4.0933,16.0889,3.9779,0.7025,7.5499,relative change against a synthetic comparison; not an effect of NCAP
u0976,Allahabad,3.4867,-5.9382,13.8559,2.875,-0.7084,6.6877,relative change against a synthetic comparison; not an effect of NCAP
u0311,Alwar,5.7194,-3.9087,16.3124,2.5838,-0.7586,6.4908,relative change against a synthetic comparison; not an effect of NCAP
u0703,Amravati,2.4924,-6.8419,12.7619,3.6273,0.2736,6.9151,relative change against a synthetic comparison; not an effect of NCAP
u0060,Amritsar,14.3233,3.9116,25.7783,4.6407,1.0641,9.4686,relative change against a synthetic comparison; not an effect of NCAP
u0877,Anantapur,-0.645,-10.3512,10.112,5.6237,1.5899,8.8713,relative change against a synthetic comparison; not an effect of NCAP
u1605,Angul,4.4948,-5.0219,14.965,4.6188,1.0606,8.3125,relative change against a synthetic comparison; not an effect of NCAP
u1174,Anpara,10.1479,0.1164,21.1845,4.2244,0.6725,8.5816,relative change against a synthetic comparison; not an effect of NCAP
u0000,Asansol & Raniganj,2.4399,-7.5677,13.5309,2.9249,-0.9048,6.7032,relative change against a synthetic comparison; not an effect of NCAP
u0462,Aurangabad,11.571,1.4099,22.7502,7.0539,3.5943,11.0643,relative change against a synthetic comparison; not an effect of NCAP
u0258,"Badlapur, Ulhasnagar",3.0937,-6.2953,13.4236,0.9913,-2.6866,5.0711,relative change against a synthetic comparison; not an effect of NCAP
u1737,Balasore,-6.9374,-15.4129,2.3873,-0.7394,-5.0386,3.2992,relative change against a synthetic comparison; not an effect of NCAP
u0899,Bangalore,8.6792,-1.2186,19.5686,6.1039,2.1594,10.4246,relative change against a synthetic comparison; not an effect of NCAP
u0555,Bareily,-6.1031,-14.6546,3.3052,-1.0349,-4.9017,2.3056,relative change against a synthetic comparison; not an effect of NCAP
u1785,"Barrackpore, Howrah, Kolkata",-2.7276,-11.5865,7.0189,1.6198,-2.6633,5.6935,relative change against a synthetic comparison; not an effect of NCAP
u1116,Bhilai,11.0301,0.9183,22.1552,6.0171,2.7136,9.9422,relative change against a synthetic comparison; not an effect of NCAP
u0567,Bhopal,7.7253,-2.0855,18.5192,5.0838,1.6776,8.8012,relative change against a synthetic comparison; not an effect of NCAP
u1673,Bhubaneswar,2.722,-6.6332,13.0146,0.206,-3.251,4.1096,relative change against a synthetic comparison; not an effect of NCAP
u0196,Chandigarh,9.6484,-0.3376,20.635,1.9894,-1.4358,6.3749,relative change against a synthetic comparison; not an effect of NCAP
u0921,Chandrapur,3.366,-6.0478,13.7231,4.5473,1.1241,7.9621,relative change against a synthetic comparison; not an effect of NCAP
u1268,Chennai,-3.5518,-12.974,6.8906,1.395,-2.896,5.4093,relative change against a synthetic comparison; not an effect of NCAP
u1111,Chitoor,0.3477,-9.4555,11.2122,6.6552,2.6518,10.1104,relative change against a synthetic comparison; not an effect of NCAP
u1671,Cuttack,-2.686,-11.5487,7.0647,-0.5633,-4.309,3.2422,relative change against a synthetic comparison; not an effect of NCAP
u0314,Dehradun,12.5559,1.5601,24.7422,3.6312,0.2608,8.1134,relative change against a synthetic comparison; not an effect of NCAP
u0290,"Delhi, Faridabad, Ghaziabad, Noida",0.7563,-8.4199,10.8519,-1.2958,-5.21,2.9651,relative change against a synthetic comparison; not an effect of NCAP
u0689,Devanagere,1.7204,-7.5436,11.9126,6.2698,2.1592,9.7889,relative change against a synthetic comparison; not an effect of NCAP
u0433,Dewas,10.0911,0.0648,21.122,5.7543,2.6194,9.585,relative change against a synthetic comparison; not an effect of NCAP
u1612,Dhanbad,-1.4781,-10.4508,8.3937,2.5774,-1.624,6.3291,relative change against a synthetic comparison; not an effect of NCAP
u1898,Dimapur,1.7925,-7.478,11.992,5.0519,1.2802,8.325,relative change against a synthetic comparison; not an effect of NCAP
u1698,Durgapur,1.472,-8.441,12.4583,2.2143,-1.471,5.7701,relative change against a synthetic comparison; not an effect of NCAP
u1302,Eluru,1.208,-8.6792,12.1657,1.6536,-2.1366,5.4961,relative change against a synthetic comparison; not an effect of NCAP
u0509,Firozabad,0.6086,-8.5541,10.6894,0.1555,-3.1792,3.5648,relative change against a synthetic comparison; not an effect of NCAP
u0411,Gajraula,-7.3081,-15.7499,1.9794,0.6965,-3.7418,4.1494,relative change against a synthetic comparison; not an effect of NCAP
u1437,Gaya,-3.856,-12.6122,5.7774,0.2821,-3.4233,3.4186,relative change against a synthetic comparison; not an effect of NCAP
u0167,Gobindgarh,9.8196,-0.182,20.8234,2.9848,-0.4181,7.2225,relative change against a synthetic comparison; not an effect of NCAP
u1102,Gorakhpur,1.0094,-8.8585,11.9455,-0.49,-3.9845,3.3664,relative change against a synthetic comparison; not an effect of NCAP
u0715,Gulburga,3.8145,-5.6402,14.2165,5.2496,1.6858,8.7292,relative change against a synthetic comparison; not an effect of NCAP
u1206,Guntur,1.3019,-7.924,11.4522,1.5068,-2.2448,5.5137,relative change against a synthetic comparison; not an effect of NCAP
u1859,Guwahati,2.7453,-6.6121,13.0402,1.5429,-2.0027,5.3709,relative change against a synthetic comparison; not an effect of NCAP
u0528,Gwalior,-2.9316,-11.7719,6.7945,1.759,-2.6521,5.9177,relative change against a synthetic comparison; not an effect of NCAP
u1803,Haldia,-5.3894,-14.6321,4.8541,3.025,-1.4486,6.6654,relative change against a synthetic comparison; not an effect of NCAP
u0001,Hubli-Dharwad,7.2601,-2.5084,18.0074,5.429,1.8237,9.3043,relative change against a synthetic comparison; not an effect of NCAP
u0882,Hyderabad,4.1318,-5.3518,14.5656,5.3005,1.4587,9.0425,relative change against a synthetic comparison; not an effect of NCAP
u0415,Indore,13.6639,3.3122,25.0529,8.7927,4.9428,13.2211,relative change against a synthetic comparison; not an effect of NCAP
u0854,Jabalpur,7.6918,-2.8288,19.3515,5.9948,2.5463,9.5946,relative change against a synthetic comparison; not an effect of NCAP
u0251,Jaipur,8.9429,-0.9788,19.8588,3.9066,0.5223,7.9489,relative change against a synthetic comparison; not an effect of NCAP
u0104,Jalandhar,8.5497,-1.3363,19.4262,1.1032,-2.1274,5.4171,relative change against a synthetic comparison; not an effect of NCAP
u0450,Jalgaon,5.3173,-4.2743,15.8699,3.8777,0.7036,7.4744,relative change against a synthetic comparison; not an effect of NCAP
u0527,Jalna,7.8373,-1.9837,18.6425,4.8292,1.6566,8.6651,relative change against a synthetic comparison; not an effect of NCAP
u0039,Jammu,12.7714,2.501,24.0709,5.082,1.8341,9.4094,relative change against a synthetic comparison; not an effect of NCAP
u1629,Jamshedpur,0.3145,-9.4854,11.1755,3.1399,-0.85,6.8899,relative change against a synthetic comparison; not an effect of NCAP
u0604,Jhansi,-1.3439,-10.3288,8.5413,1.1231,-2.4043,4.4196,relative change against a synthetic comparison; not an effect of NCAP
u0090,Jodhpur,0.2875,-8.8459,10.3362,4.6153,0.5591,8.059,relative change against a synthetic comparison; not an effect of NCAP
u1050,Kadapa,0.7502,-9.0923,11.6583,5.5323,1.4761,8.8433,relative change against a synthetic comparison; not an effect of NCAP
u0745,Kanpur,1.0902,-8.1164,11.2193,1.4911,-2.0595,5.1008,relative change against a synthetic comparison; not an effect of NCAP
u0469,Kashipur,1.6477,-7.6096,11.8327,2.7573,-0.7738,6.2759,relative change against a synthetic comparison; not an effect of NCAP
u0161,Khanna,6.6796,-3.0361,17.3687,2.8727,-0.7236,7.0534,relative change against a synthetic comparison; not an effect of NCAP
u0398,Khurja,-2.4338,-11.3194,7.3422,-0.3655,-4.0617,3.2786,relative change against a synthetic comparison; not an effect of NCAP
u0434,Kolhapur,7.8615,-1.9618,18.669,4.7392,1.5897,8.4895,relative change against a synthetic comparison; not an effect of NCAP
u1281,Korba,2.8847,-6.4853,13.1935,5.3469,1.7055,8.5991,relative change against a synthetic comparison; not an effect of NCAP
u0333,Kota,9.1738,-0.769,20.1128,5.4455,2.0228,9.5495,relative change against a synthetic comparison; not an effect of NCAP
u0903,Kurnool,-0.644,-9.6927,9.3113,5.5188,1.4474,8.7903,relative change against a synthetic comparison; not an effect of NCAP
u0645,Latur,5.0908,-4.4801,15.6207,5.1022,1.7398,8.5055,relative change against a synthetic comparison; not an effect of NCAP
u0795,Lucknow,1.5187,-7.7269,11.6907,1.363,-2.2606,5.0868,relative change against a synthetic comparison; not an effect of NCAP
u0134,Ludhiana,13.8863,3.5144,25.2976,3.3809,0.0384,7.9657,relative change against a synthetic comparison; not an effect of NCAP
u1058,Madurai,6.0794,-4.2837,17.5645,8.2291,4.1365,12.3754,relative change against a synthetic comparison; not an effect of NCAP
u0345,Meerut,-3.0515,-12.5226,7.445,1.2463,-2.6446,4.8012,relative change against a synthetic comparison; not an effect of NCAP
u0459,Moradabad,-7.5293,-15.9509,1.7361,-0.7966,-4.8167,2.5009,relative change against a synthetic comparison; not an effect of NCAP
u0240,"Mumbai, Navi Mumbai, Thane",-6.2434,-14.7821,3.1508,-1.599,-5.97,2.4494,relative change against a synthetic comparison; not an effect of NCAP
u1404,Muzaffarpur,-12.266,-20.2562,-3.4752,-4.4073,-9.0272,-0.0958,relative change against a synthetic comparison; not an effect of NCAP
u1871,Nagaon,-1.7512,-10.699,8.0932,4.93,0.7787,7.9605,relative change against a synthetic comparison; not an effect of NCAP
u0827,Nagpur,6.8775,-2.8561,17.5865,5.4362,2.053,8.9444,relative change against a synthetic comparison; not an effect of NCAP
u0190,Nalagarh,15.9073,5.3513,27.5211,6.9668,3.2718,11.6384,relative change against a synthetic comparison; not an effect of NCAP
u1853,Nalbari,-4.3924,-13.0997,5.1873,4.4183,0.0272,7.6032,relative change against a synthetic comparison; not an effect of NCAP
u1027,Nalgonda,3.6494,-5.7902,14.0349,6.4329,2.7061,9.8258,relative change against a synthetic comparison; not an effect of NCAP
u0297,Nashik,4.8207,-4.7257,15.3235,6.6618,2.9116,10.2116,relative change against a synthetic comparison; not an effect of NCAP
u1207,Nellore,-1.7107,-10.6622,8.1377,1.1246,-2.6603,4.7739,relative change against a synthetic comparison; not an effect of NCAP
u1170,Ongole,1.7014,-8.234,12.7125,2.7417,-1.2244,6.7742,relative change against a synthetic comparison; not an effect of NCAP
u0282,Paonta Sahib,10.0619,0.0383,21.0899,6.1372,2.4917,10.4794,relative change against a synthetic comparison; not an effect of NCAP
u0084,Pathankot/Dera Baba,12.5752,2.3226,23.855,6.2511,2.0459,11.1451,relative change against a synthetic comparison; not an effect of NCAP
u0188,Patiala,3.1849,-6.2124,13.5239,1.8664,-1.5119,5.5078,relative change against a synthetic comparison; not an effect of NCAP
u1409,Patna,-3.817,-12.5767,5.8203,0.6424,-3.2977,4.0326,relative change against a synthetic comparison; not an effect of NCAP
u0337,Pune,3.0774,-6.3101,13.4056,4.1059,0.4728,7.7387,relative change against a synthetic comparison; not an effect of NCAP
u0871,Raebareli,8.9994,-0.9275,19.921,1.3691,-1.6772,5.5772,relative change against a synthetic comparison; not an effect of NCAP
u1155,Raipur,8.7173,-1.1839,19.6105,5.4057,2.017,9.1903,relative change against a synthetic comparison; not an effect of NCAP
u1378,Rajahmundry,1.8346,-8.1138,12.8602,1.3303,-2.3793,5.1916,relative change against a synthetic comparison; not an effect of NCAP
u0048,Rajkot,5.7586,-4.5731,17.209,6.0647,2.4982,9.7118,relative change against a synthetic comparison; not an effect of NCAP
u1530,Ranchi,9.7829,-0.942,21.669,5.4221,2.0513,9.3615,relative change against a synthetic comparison; not an effect of NCAP
u0354,Rishikesh,8.59,-1.2996,19.4706,4.6686,1.445,8.5903,relative change against a synthetic comparison; not an effect of NCAP
u1534,Rourkela,10.7183,0.6348,21.812,3.5266,0.3693,7.744,relative change against a synthetic comparison; not an effect of NCAP
u0699,Sagar,0.6328,-8.5322,10.716,4.1136,0.5313,7.3392,relative change against a synthetic comparison; not an effect of NCAP
u0850,Sangareddy,6.1707,-4.2013,17.6658,6.6984,3.1274,10.4715,relative change against a synthetic comparison; not an effect of NCAP
u0473,Sangli,9.9659,-0.049,20.9843,5.199,1.9941,9.0995,relative change against a synthetic comparison; not an effect of NCAP
u1904,Sibsagar,-5.4382,-14.0503,4.0367,6.8378,1.6247,10.5801,relative change against a synthetic comparison; not an effect of NCAP
u1887,Silchar,-2.3513,-11.2445,7.4329,4.207,0.1535,7.3094,relative change against a synthetic comparison; not an effect of NCAP
u0600,Solapur,3.6083,-5.8276,13.9897,4.5262,0.9234,8.0549,relative change against a synthetic comparison; not an effect of NCAP
u1566,Srikakulam,7.4117,-3.0816,19.041,2.5038,-1.1647,6.7427,relative change against a synthetic comparison; not an effect of NCAP
u0018,Srinagar,16.4187,5.8161,28.0837,8.2987,4.1217,13.4348,relative change against a synthetic comparison; not an effect of NCAP
u0184,Sunder Nagar,10.0772,0.0521,21.1067,9.0113,4.8666,13.4514,relative change against a synthetic comparison; not an effect of NCAP
u0179,Surat,5.067,-4.5017,15.5946,1.0106,-2.4982,5.1388,relative change against a synthetic comparison; not an effect of NCAP
u1609,Talcher,5.0464,-4.5205,15.5719,4.7813,1.1901,8.5276,relative change against a synthetic comparison; not an effect of NCAP
u1083,Thoothukudi,3.1408,-6.2526,13.4753,2.5649,-1.2126,6.5754,relative change against a synthetic comparison; not an effect of NCAP
u1107,Trichy,1.3808,-8.5233,12.3572,7.9794,3.5246,11.7862,relative change against a synthetic comparison; not an effect of NCAP
u0164,Udaipur,7.6636,-2.1416,18.4513,3.5432,0.3224,7.3581,relative change against a synthetic comparison; not an effect of NCAP
u0393,Ujjain,8.4317,-1.4435,19.2964,4.4295,1.2783,8.1597,relative change against a synthetic comparison; not an effect of NCAP
u0186,Vadodara,7.6318,-2.883,19.285,1.5812,-2.0741,6.1766,relative change against a synthetic comparison; not an effect of NCAP
u1122,Varanasi,-7.3682,-15.8044,1.9134,2.0596,-2.4146,5.5071,relative change against a synthetic comparison; not an effect of NCAP
u0236,Vasai-Virar,-3.8402,-13.2342,6.5709,1.3889,-2.8282,5.1952,relative change against a synthetic comparison; not an effect of NCAP
u1230,Vijayawada,5.2821,-4.3063,15.8312,8.1295,4.1597,11.9235,relative change against a synthetic comparison; not an effect of NCAP
u1512,Vishakhapatnam,3.2216,-6.1791,13.5643,3.4566,-0.4564,7.546,relative change against a synthetic comparison; not an effect of NCAP
u1531,Vizianagaram,7.2383,-3.238,18.8489,1.8753,-1.8154,6.2672,relative change against a synthetic comparison; not an effect of NCAP
