unit_id,name,pollutant,year,stations,median_score
u0456,Agra,pm10,2021,6,40.4
u0456,Agra,pm10,2022,6,92.25
u0456,Agra,pm10,2023,6,75.25
u0456,Agra,pm10,2024,6,79.6
u0456,Agra,pm10,2025,6,84.35
u0456,Agra,pm25,2016,1,81.7
u0456,Agra,pm25,2017,1,81.2
u0456,Agra,pm25,2018,1,93.0
u0456,Agra,pm25,2019,1,93.4
u0456,Agra,pm25,2020,1,91.4
u0456,Agra,pm25,2021,6,50.15
u0456,Agra,pm25,2022,6,92.75
u0456,Agra,pm25,2023,6,75.3
u0456,Agra,pm25,2024,6,72.05
u0456,Agra,pm25,2025,6,87.4
u0129,Ahmedabad,pm10,2019,2,72.45
u0129,Ahmedabad,pm10,2020,2,88.3
u0129,Ahmedabad,pm10,2021,9,51.5
u0129,Ahmedabad,pm10,2022,9,48.5
u0129,Ahmedabad,pm10,2023,9,74.1
u0129,Ahmedabad,pm10,2024,9,86.0
u0129,Ahmedabad,pm10,2025,9,87.9
u0129,Ahmedabad,pm25,2015,1,65.9
u0129,Ahmedabad,pm25,2016,1,42.9
u0129,Ahmedabad,pm25,2017,1,38.9
u0129,Ahmedabad,pm25,2018,1,85.4
u0129,Ahmedabad,pm25,2019,2,87.45
u0129,Ahmedabad,pm25,2020,2,92.65
u0129,Ahmedabad,pm25,2021,9,51.5
u0129,Ahmedabad,pm25,2022,9,48.5
u0129,Ahmedabad,pm25,2023,9,83.8
u0129,Ahmedabad,pm25,2024,9,88.2
u0129,Ahmedabad,pm25,2025,9,82.3
u0624,Akola,pm10,2023,1,53.7
u0624,Akola,pm10,2024,1,78.9
u0624,Akola,pm10,2025,1,96.4
u0624,Akola,pm25,2023,1,53.7
u0624,Akola,pm25,2024,1,78.9
u0624,Akola,pm25,2025,1,96.2
u0976,Allahabad,pm10,2021,2,46.6
u0976,Allahabad,pm10,2022,2,76.55
u0976,Allahabad,pm10,2023,2,89.15
u0976,Allahabad,pm10,2024,2,92.2
u0976,Allahabad,pm10,2025,2,94.95
u0976,Allahabad,pm25,2021,2,47.3
u0976,Allahabad,pm25,2022,2,86.15
u0976,Allahabad,pm25,2023,2,88.05
u0976,Allahabad,pm25,2024,2,65.1
u0976,Allahabad,pm25,2025,2,94.85
u0311,Alwar,pm10,2017,1,8.0
u0311,Alwar,pm10,2018,1,54.1
u0311,Alwar,pm10,2019,1,72.3
u0311,Alwar,pm10,2020,1,76.9
u0311,Alwar,pm10,2021,1,97.8
u0311,Alwar,pm10,2022,1,99.5
u0311,Alwar,pm10,2023,1,98.0
u0311,Alwar,pm10,2024,1,98.3
u0311,Alwar,pm10,2025,1,96.7
u0311,Alwar,pm25,2017,1,6.3
u0311,Alwar,pm25,2018,1,53.8
u0311,Alwar,pm25,2019,1,91.1
u0311,Alwar,pm25,2020,1,96.4
u0311,Alwar,pm25,2021,1,97.8
u0311,Alwar,pm25,2022,1,98.9
u0311,Alwar,pm25,2023,1,97.5
u0311,Alwar,pm25,2024,1,98.6
u0311,Alwar,pm25,2025,1,96.7
u0703,Amravati,pm10,2023,1,58.0
u0703,Amravati,pm10,2024,1,97.3
u0703,Amravati,pm10,2025,2,98.65
u0703,Amravati,pm25,2023,1,57.6
u0703,Amravati,pm25,2024,1,97.8
u0703,Amravati,pm25,2025,2,97.4
u0060,Amritsar,pm10,2017,1,52.5
u0060,Amritsar,pm10,2018,1,61.7
u0060,Amritsar,pm10,2019,1,92.0
u0060,Amritsar,pm10,2020,1,85.6
u0060,Amritsar,pm10,2021,1,93.6
u0060,Amritsar,pm10,2022,1,92.5
u0060,Amritsar,pm10,2023,1,91.3
u0060,Amritsar,pm10,2024,1,93.8
u0060,Amritsar,pm10,2025,1,88.8
u0060,Amritsar,pm25,2017,1,60.9
u0060,Amritsar,pm25,2018,1,61.6
u0060,Amritsar,pm25,2019,1,89.9
u0060,Amritsar,pm25,2020,1,87.6
u0060,Amritsar,pm25,2021,1,87.8
u0060,Amritsar,pm25,2022,1,90.4
u0060,Amritsar,pm25,2023,1,90.8
u0060,Amritsar,pm25,2024,1,93.5
u0060,Amritsar,pm25,2025,1,93.8
u0877,Anantapur,pm10,2022,1,33.6
u0877,Anantapur,pm10,2023,1,63.1
u0877,Anantapur,pm10,2024,1,61.0
u0877,Anantapur,pm10,2025,1,75.8
u0877,Anantapur,pm25,2022,1,33.6
u0877,Anantapur,pm25,2023,1,80.8
u0877,Anantapur,pm25,2024,1,61.6
u0877,Anantapur,pm25,2025,1,60.7
u1605,Angul,pm10,2023,1,17.3
u1605,Angul,pm10,2024,1,95.8
u1605,Angul,pm10,2025,1,98.6
u1605,Angul,pm25,2023,1,13.8
u1605,Angul,pm25,2024,1,76.2
u1605,Angul,pm25,2025,1,98.5
u0000,Asansol & Raniganj,pm10,2018,1,74.9
u0000,Asansol & Raniganj,pm10,2019,1,96.7
u0000,Asansol & Raniganj,pm10,2020,1,85.0
u0000,Asansol & Raniganj,pm10,2021,1,88.7
u0000,Asansol & Raniganj,pm10,2022,1,96.1
u0000,Asansol & Raniganj,pm10,2023,1,87.2
u0000,Asansol & Raniganj,pm10,2024,4,50.95
u0000,Asansol & Raniganj,pm10,2025,4,94.9
u0000,Asansol & Raniganj,pm25,2018,1,73.2
u0000,Asansol & Raniganj,pm25,2019,1,97.0
u0000,Asansol & Raniganj,pm25,2020,1,84.3
u0000,Asansol & Raniganj,pm25,2021,1,87.9
u0000,Asansol & Raniganj,pm25,2022,1,95.5
u0000,Asansol & Raniganj,pm25,2023,1,87.9
u0000,Asansol & Raniganj,pm25,2024,4,50.9
u0000,Asansol & Raniganj,pm25,2025,4,92.8
u0462,Aurangabad,pm10,2023,2,49.3
u0462,Aurangabad,pm10,2024,2,81.3
u0462,Aurangabad,pm10,2025,2,91.75
u0462,Aurangabad,pm25,2023,2,48.3
u0462,Aurangabad,pm25,2024,2,82.15
u0462,Aurangabad,pm25,2025,2,90.7
u0258,"Badlapur, Ulhasnagar",pm10,2019,1,44.1
u0258,"Badlapur, Ulhasnagar",pm10,2020,1,71.3
u0258,"Badlapur, Ulhasnagar",pm10,2021,1,54.2
u0258,"Badlapur, Ulhasnagar",pm10,2022,1,70.6
u0258,"Badlapur, Ulhasnagar",pm10,2023,3,48.7
u0258,"Badlapur, Ulhasnagar",pm10,2024,3,94.3
u0258,"Badlapur, Ulhasnagar",pm10,2025,3,97.2
u0258,"Badlapur, Ulhasnagar",pm25,2019,1,44.9
u0258,"Badlapur, Ulhasnagar",pm25,2020,1,73.0
u0258,"Badlapur, Ulhasnagar",pm25,2021,1,67.1
u0258,"Badlapur, Ulhasnagar",pm25,2022,1,76.4
u0258,"Badlapur, Ulhasnagar",pm25,2023,3,49.6
u0258,"Badlapur, Ulhasnagar",pm25,2024,3,95.1
u0258,"Badlapur, Ulhasnagar",pm25,2025,3,96.7
u1737,Balasore,pm10,2023,1,18.4
u1737,Balasore,pm10,2024,1,97.5
u1737,Balasore,pm10,2025,1,97.5
u1737,Balasore,pm25,2023,1,18.9
u1737,Balasore,pm25,2024,1,92.5
u1737,Balasore,pm25,2025,1,96.1
u0899,Bangalore,pm10,2016,2,46.0
u0899,Bangalore,pm10,2017,3,17.8
u0899,Bangalore,pm10,2018,7,34.5
u0899,Bangalore,pm10,2019,7,82.5
u0899,Bangalore,pm10,2020,10,61.95
u0899,Bangalore,pm10,2021,10,68.05
u0899,Bangalore,pm10,2022,11,57.0
u0899,Bangalore,pm10,2023,13,71.5
u0899,Bangalore,pm10,2024,13,76.5
u0899,Bangalore,pm10,2025,14,66.45
u0899,Bangalore,pm25,2015,3,59.2
u0899,Bangalore,pm25,2016,3,57.7
u0899,Bangalore,pm25,2017,3,58.7
u0899,Bangalore,pm25,2018,8,47.25
u0899,Bangalore,pm25,2019,8,71.4
u0899,Bangalore,pm25,2020,8,81.8
u0899,Bangalore,pm25,2021,8,82.8
u0899,Bangalore,pm25,2022,9,74.0
u0899,Bangalore,pm25,2023,11,71.1
u0899,Bangalore,pm25,2024,11,81.7
u0899,Bangalore,pm25,2025,12,69.2
u0555,Bareily,pm10,2022,2,43.35
u0555,Bareily,pm10,2023,2,68.6
u0555,Bareily,pm10,2024,2,76.7
u0555,Bareily,pm10,2025,2,71.25
u0555,Bareily,pm25,2022,2,42.4
u0555,Bareily,pm25,2023,2,66.4
u0555,Bareily,pm25,2024,2,60.8
u0555,Bareily,pm25,2025,2,76.55
u1785,"Barrackpore, Howrah, Kolkata",pm10,2016,3,36.3
u1785,"Barrackpore, Howrah, Kolkata",pm10,2017,3,49.0
u1785,"Barrackpore, Howrah, Kolkata",pm10,2018,4,57.65
u1785,"Barrackpore, Howrah, Kolkata",pm10,2019,10,59.85
u1785,"Barrackpore, Howrah, Kolkata",pm10,2020,10,84.25
u1785,"Barrackpore, Howrah, Kolkata",pm10,2021,10,96.0
u1785,"Barrackpore, Howrah, Kolkata",pm10,2022,10,95.75
u1785,"Barrackpore, Howrah, Kolkata",pm10,2023,11,95.1
u1785,"Barrackpore, Howrah, Kolkata",pm10,2024,13,96.0
u1785,"Barrackpore, Howrah, Kolkata",pm10,2025,13,93.2
u1785,"Barrackpore, Howrah, Kolkata",pm25,2016,1,0.0
u1785,"Barrackpore, Howrah, Kolkata",pm25,2018,4,57.25
u1785,"Barrackpore, Howrah, Kolkata",pm25,2019,10,60.1
u1785,"Barrackpore, Howrah, Kolkata",pm25,2020,10,88.9
u1785,"Barrackpore, Howrah, Kolkata",pm25,2021,10,95.35
u1785,"Barrackpore, Howrah, Kolkata",pm25,2022,10,93.75
u1785,"Barrackpore, Howrah, Kolkata",pm25,2023,11,94.0
u1785,"Barrackpore, Howrah, Kolkata",pm25,2024,13,94.8
u1785,"Barrackpore, Howrah, Kolkata",pm25,2025,13,79.3
u1116,Bhilai,pm10,2021,1,9.6
u1116,Bhilai,pm10,2022,3,1.6
u1116,Bhilai,pm10,2023,3,94.8
u1116,Bhilai,pm10,2024,3,91.3
u1116,Bhilai,pm10,2025,3,81.9
u1116,Bhilai,pm25,2021,1,8.8
u1116,Bhilai,pm25,2022,3,1.6
u1116,Bhilai,pm25,2023,3,95.3
u1116,Bhilai,pm25,2024,3,90.4
u1116,Bhilai,pm25,2025,3,76.9
u0567,Bhopal,pm10,2019,1,28.5
u0567,Bhopal,pm10,2020,1,94.3
u0567,Bhopal,pm10,2021,1,99.2
u0567,Bhopal,pm10,2022,2,61.75
u0567,Bhopal,pm10,2023,3,86.4
u0567,Bhopal,pm10,2024,3,96.2
u0567,Bhopal,pm10,2025,3,93.0
u0567,Bhopal,pm25,2019,1,28.8
u0567,Bhopal,pm25,2020,1,94.2
u0567,Bhopal,pm25,2021,1,99.4
u0567,Bhopal,pm25,2022,2,60.65
u0567,Bhopal,pm25,2023,3,90.5
u0567,Bhopal,pm25,2024,3,95.8
u0567,Bhopal,pm25,2025,3,93.9
u1673,Bhubaneswar,pm10,2023,2,17.4
u1673,Bhubaneswar,pm10,2024,2,83.05
u1673,Bhubaneswar,pm10,2025,2,95.9
u1673,Bhubaneswar,pm25,2023,2,13.9
u1673,Bhubaneswar,pm25,2024,2,91.45
u1673,Bhubaneswar,pm25,2025,2,94.95
u0196,Chandigarh,pm10,2019,1,32.1
u0196,Chandigarh,pm10,2020,1,99.2
u0196,Chandigarh,pm10,2021,2,69.05
u0196,Chandigarh,pm10,2022,3,91.5
u0196,Chandigarh,pm10,2023,3,91.2
u0196,Chandigarh,pm10,2024,3,97.0
u0196,Chandigarh,pm10,2025,3,78.6
u0196,Chandigarh,pm25,2017,1,84.9
u0196,Chandigarh,pm25,2018,1,79.4
u0196,Chandigarh,pm25,2019,2,62.45
u0196,Chandigarh,pm25,2020,2,96.2
u0196,Chandigarh,pm25,2021,3,88.5
u0196,Chandigarh,pm25,2022,4,92.3
u0196,Chandigarh,pm25,2023,4,89.85
u0196,Chandigarh,pm25,2024,4,85.9
u0196,Chandigarh,pm25,2025,4,85.6
u0921,Chandrapur,pm10,2017,1,73.1
u0921,Chandrapur,pm10,2023,1,73.1
u0921,Chandrapur,pm10,2024,1,71.8
u0921,Chandrapur,pm10,2025,1,83.5
u0921,Chandrapur,pm25,2017,1,66.9
u0921,Chandrapur,pm25,2023,1,92.9
u0921,Chandrapur,pm25,2024,1,93.0
u0921,Chandrapur,pm25,2025,1,61.9
u1268,Chennai,pm10,2019,1,53.0
u1268,Chennai,pm10,2020,6,9.15
u1268,Chennai,pm10,2021,8,70.45
u1268,Chennai,pm10,2022,10,78.15
u1268,Chennai,pm10,2023,9,82.2
u1268,Chennai,pm10,2024,10,74.7
u1268,Chennai,pm10,2025,10,59.1
u1268,Chennai,pm25,2015,3,64.6
u1268,Chennai,pm25,2016,3,81.1
u1268,Chennai,pm25,2017,3,81.8
u1268,Chennai,pm25,2018,3,78.9
u1268,Chennai,pm25,2019,4,66.55
u1268,Chennai,pm25,2020,8,31.6
u1268,Chennai,pm25,2021,8,74.75
u1268,Chennai,pm25,2022,10,62.7
u1268,Chennai,pm25,2023,9,86.0
u1268,Chennai,pm25,2024,10,75.45
u1268,Chennai,pm25,2025,10,68.6
u1111,Chitoor,pm10,2022,1,5.4
u1111,Chitoor,pm10,2023,1,96.4
u1111,Chitoor,pm10,2024,1,51.7
u1111,Chitoor,pm10,2025,1,82.8
u1111,Chitoor,pm25,2022,1,5.4
u1111,Chitoor,pm25,2023,1,96.5
u1111,Chitoor,pm25,2024,1,51.7
u1111,Chitoor,pm25,2025,1,82.0
u1671,Cuttack,pm10,2023,1,16.7
u1671,Cuttack,pm10,2024,1,96.2
u1671,Cuttack,pm10,2025,1,95.9
u1671,Cuttack,pm25,2023,1,16.2
u1671,Cuttack,pm25,2024,1,95.5
u1671,Cuttack,pm25,2025,1,95.7
u0314,Dehradun,pm10,2022,1,42.1
u0314,Dehradun,pm10,2023,1,75.9
u0314,Dehradun,pm10,2024,1,74.2
u0314,Dehradun,pm10,2025,1,85.3
u0314,Dehradun,pm25,2022,1,41.7
u0314,Dehradun,pm25,2023,1,77.6
u0314,Dehradun,pm25,2024,1,90.6
u0314,Dehradun,pm25,2025,1,78.7
u0290,"Delhi, Faridabad, Ghaziabad, Noida",pm10,2015,5,52.8
u0290,"Delhi, Faridabad, Ghaziabad, Noida",pm10,2016,5,59.7
u0290,"Delhi, Faridabad, Ghaziabad, Noida",pm10,2017,15,25.6
u0290,"Delhi, Faridabad, Ghaziabad, Noida",pm10,2018,35,86.4
u0290,"Delhi, Faridabad, Ghaziabad, Noida",pm10,2019,43,92.7
u0290,"Delhi, Faridabad, Ghaziabad, Noida",pm10,2020,52,90.95
u0290,"Delhi, Faridabad, Ghaziabad, Noida",pm10,2021,53,92.2
u0290,"Delhi, Faridabad, Ghaziabad, Noida",pm10,2022,53,94.7
u0290,"Delhi, Faridabad, Ghaziabad, Noida",pm10,2023,53,92.8
u0290,"Delhi, Faridabad, Ghaziabad, Noida",pm10,2024,54,93.25
u0290,"Delhi, Faridabad, Ghaziabad, Noida",pm10,2025,55,90.2
u0290,"Delhi, Faridabad, Ghaziabad, Noida",pm25,2015,10,53.5
u0290,"Delhi, Faridabad, Ghaziabad, Noida",pm25,2016,11,58.1
u0290,"Delhi, Faridabad, Ghaziabad, Noida",pm25,2017,22,47.7
u0290,"Delhi, Faridabad, Ghaziabad, Noida",pm25,2018,40,87.55
u0290,"Delhi, Faridabad, Ghaziabad, Noida",pm25,2019,48,94.8
u0290,"Delhi, Faridabad, Ghaziabad, Noida",pm25,2020,54,90.4
u0290,"Delhi, Faridabad, Ghaziabad, Noida",pm25,2021,55,92.0
u0290,"Delhi, Faridabad, Ghaziabad, Noida",pm25,2022,55,92.9
u0290,"Delhi, Faridabad, Ghaziabad, Noida",pm25,2023,55,92.3
u0290,"Delhi, Faridabad, Ghaziabad, Noida",pm25,2024,55,92.6
u0290,"Delhi, Faridabad, Ghaziabad, Noida",pm25,2025,55,93.2
u0689,Devanagere,pm10,2021,1,69.0
u0689,Devanagere,pm10,2022,1,80.3
u0689,Devanagere,pm10,2023,1,53.6
u0689,Devanagere,pm10,2024,1,64.3
u0689,Devanagere,pm10,2025,1,37.0
u0689,Devanagere,pm25,2021,1,50.6
u0689,Devanagere,pm25,2022,1,78.1
u0689,Devanagere,pm25,2023,1,70.0
u0689,Devanagere,pm25,2024,1,72.2
u0689,Devanagere,pm25,2025,1,62.5
u0433,Dewas,pm10,2017,1,11.0
u0433,Dewas,pm10,2018,1,98.5
u0433,Dewas,pm10,2019,1,77.2
u0433,Dewas,pm10,2020,1,99.2
u0433,Dewas,pm10,2021,1,97.5
u0433,Dewas,pm10,2022,1,96.1
u0433,Dewas,pm10,2023,1,84.4
u0433,Dewas,pm10,2024,1,83.3
u0433,Dewas,pm10,2025,1,91.8
u0433,Dewas,pm25,2017,1,11.0
u0433,Dewas,pm25,2018,1,98.2
u0433,Dewas,pm25,2019,1,95.6
u0433,Dewas,pm25,2020,1,99.1
u0433,Dewas,pm25,2021,1,97.5
u0433,Dewas,pm25,2022,1,83.0
u0433,Dewas,pm25,2023,1,86.9
u0433,Dewas,pm25,2024,1,84.7
u0433,Dewas,pm25,2025,1,91.4
u1612,Dhanbad,pm10,2017,1,0.0
u1612,Dhanbad,pm10,2018,1,54.0
u1612,Dhanbad,pm10,2019,1,61.0
u1612,Dhanbad,pm10,2020,1,65.0
u1612,Dhanbad,pm10,2021,1,16.7
u1612,Dhanbad,pm10,2022,1,4.7
u1612,Dhanbad,pm10,2023,3,30.1
u1612,Dhanbad,pm10,2024,3,25.9
u1612,Dhanbad,pm10,2025,2,42.95
u1612,Dhanbad,pm25,2019,1,41.3
u1612,Dhanbad,pm25,2020,1,33.1
u1612,Dhanbad,pm25,2023,2,20.25
u1612,Dhanbad,pm25,2024,3,23.8
u1612,Dhanbad,pm25,2025,2,31.5
u1698,Durgapur,pm10,2024,2,44.7
u1698,Durgapur,pm10,2025,2,82.65
u1698,Durgapur,pm25,2024,2,45.2
u1698,Durgapur,pm25,2025,2,82.9
u0509,Firozabad,pm10,2021,1,43.2
u0509,Firozabad,pm10,2022,2,61.7
u0509,Firozabad,pm10,2023,2,82.85
u0509,Firozabad,pm10,2024,2,73.85
u0509,Firozabad,pm10,2025,2,83.0
u0509,Firozabad,pm25,2021,1,41.6
u0509,Firozabad,pm25,2022,2,57.05
u0509,Firozabad,pm25,2023,2,67.85
u0509,Firozabad,pm25,2024,2,79.05
u0509,Firozabad,pm25,2025,2,77.55
u1437,Gaya,pm10,2020,1,74.9
u1437,Gaya,pm10,2021,2,52.25
u1437,Gaya,pm10,2022,2,93.95
u1437,Gaya,pm10,2023,2,84.2
u1437,Gaya,pm10,2024,2,87.5
u1437,Gaya,pm10,2025,2,91.35
u1437,Gaya,pm25,2016,1,68.9
u1437,Gaya,pm25,2017,1,48.1
u1437,Gaya,pm25,2018,1,87.1
u1437,Gaya,pm25,2019,1,90.0
u1437,Gaya,pm25,2020,2,53.45
u1437,Gaya,pm25,2021,3,64.1
u1437,Gaya,pm25,2022,3,92.9
u1437,Gaya,pm25,2023,3,76.7
u1437,Gaya,pm25,2024,3,76.3
u1437,Gaya,pm25,2025,3,86.9
u0167,Gobindgarh,pm10,2017,1,17.5
u0167,Gobindgarh,pm10,2018,1,87.6
u0167,Gobindgarh,pm10,2019,1,83.3
u0167,Gobindgarh,pm10,2020,1,83.0
u0167,Gobindgarh,pm10,2021,1,85.2
u0167,Gobindgarh,pm10,2022,1,90.9
u0167,Gobindgarh,pm10,2023,1,88.8
u0167,Gobindgarh,pm10,2024,1,88.4
u0167,Gobindgarh,pm10,2025,1,85.6
u0167,Gobindgarh,pm25,2017,1,26.2
u0167,Gobindgarh,pm25,2018,1,85.2
u0167,Gobindgarh,pm25,2019,1,83.3
u0167,Gobindgarh,pm25,2020,1,81.4
u0167,Gobindgarh,pm25,2021,1,86.3
u0167,Gobindgarh,pm25,2022,1,91.2
u0167,Gobindgarh,pm25,2023,1,88.5
u0167,Gobindgarh,pm25,2024,1,88.7
u0167,Gobindgarh,pm25,2025,1,85.5
u1102,Gorakhpur,pm10,2021,1,46.8
u1102,Gorakhpur,pm10,2022,1,76.9
u1102,Gorakhpur,pm10,2023,1,91.0
u1102,Gorakhpur,pm10,2024,1,90.1
u1102,Gorakhpur,pm10,2025,1,85.0
u1102,Gorakhpur,pm25,2021,1,44.6
u1102,Gorakhpur,pm25,2022,1,74.0
u1102,Gorakhpur,pm25,2023,1,88.5
u1102,Gorakhpur,pm25,2024,1,90.4
u1102,Gorakhpur,pm25,2025,1,81.0
u0715,Gulburga,pm10,2018,1,9.8
u0715,Gulburga,pm10,2019,1,76.8
u0715,Gulburga,pm10,2020,1,41.3
u0715,Gulburga,pm10,2021,1,57.6
u0715,Gulburga,pm10,2022,2,21.85
u0715,Gulburga,pm10,2023,2,31.95
u0715,Gulburga,pm10,2024,2,77.85
u0715,Gulburga,pm10,2025,2,67.25
u0715,Gulburga,pm25,2018,1,16.4
u0715,Gulburga,pm25,2019,1,77.9
u0715,Gulburga,pm25,2020,1,35.4
u0715,Gulburga,pm25,2021,1,39.1
u0715,Gulburga,pm25,2022,2,35.85
u0715,Gulburga,pm25,2023,2,36.0
u0715,Gulburga,pm25,2024,2,70.4
u0715,Gulburga,pm25,2025,2,63.65
u1859,Guwahati,pm10,2019,1,81.2
u1859,Guwahati,pm10,2020,2,49.3
u1859,Guwahati,pm10,2021,2,88.85
u1859,Guwahati,pm10,2022,2,91.7
u1859,Guwahati,pm10,2023,2,80.2
u1859,Guwahati,pm10,2024,2,59.55
u1859,Guwahati,pm10,2025,2,80.5
u1859,Guwahati,pm25,2019,1,83.0
u1859,Guwahati,pm25,2020,2,46.45
u1859,Guwahati,pm25,2021,2,88.1
u1859,Guwahati,pm25,2022,2,90.95
u1859,Guwahati,pm25,2023,2,80.0
u1859,Guwahati,pm25,2024,2,67.15
u1859,Guwahati,pm25,2025,2,78.8
u0528,Gwalior,pm10,2020,2,51.25
u0528,Gwalior,pm10,2021,2,60.75
u0528,Gwalior,pm10,2022,4,12.05
u0528,Gwalior,pm10,2023,4,88.15
u0528,Gwalior,pm10,2024,4,95.85
u0528,Gwalior,pm10,2025,4,93.1
u0528,Gwalior,pm25,2020,2,49.85
u0528,Gwalior,pm25,2021,2,56.7
u0528,Gwalior,pm25,2022,4,11.25
u0528,Gwalior,pm25,2023,4,79.25
u0528,Gwalior,pm25,2024,4,83.55
u0528,Gwalior,pm25,2025,4,92.85
u1803,Haldia,pm10,2016,1,49.7
u1803,Haldia,pm10,2017,1,64.6
u1803,Haldia,pm10,2023,1,93.4
u1803,Haldia,pm10,2024,1,96.4
u1803,Haldia,pm10,2025,1,99.2
u1803,Haldia,pm25,2023,1,92.9
u1803,Haldia,pm25,2024,1,98.0
u1803,Haldia,pm25,2025,1,99.1
u0001,Hubli-Dharwad,pm10,2018,1,56.2
u0001,Hubli-Dharwad,pm10,2019,1,51.7
u0001,Hubli-Dharwad,pm10,2020,1,73.5
u0001,Hubli-Dharwad,pm10,2021,1,84.9
u0001,Hubli-Dharwad,pm10,2022,3,6.0
u0001,Hubli-Dharwad,pm10,2023,3,64.6
u0001,Hubli-Dharwad,pm10,2024,3,52.8
u0001,Hubli-Dharwad,pm10,2025,3,69.2
u0001,Hubli-Dharwad,pm25,2018,1,55.1
u0001,Hubli-Dharwad,pm25,2019,1,51.4
u0001,Hubli-Dharwad,pm25,2020,1,62.8
u0001,Hubli-Dharwad,pm25,2021,1,86.3
u0001,Hubli-Dharwad,pm25,2022,3,6.0
u0001,Hubli-Dharwad,pm25,2023,3,55.2
u0001,Hubli-Dharwad,pm25,2024,3,55.4
u0001,Hubli-Dharwad,pm25,2025,3,55.7
u0882,Hyderabad,pm10,2015,1,14.6
u0882,Hyderabad,pm10,2016,1,36.8
u0882,Hyderabad,pm10,2017,4,70.05
u0882,Hyderabad,pm10,2018,4,90.45
u0882,Hyderabad,pm10,2019,4,89.3
u0882,Hyderabad,pm10,2020,4,88.2
u0882,Hyderabad,pm10,2021,4,94.3
u0882,Hyderabad,pm10,2022,11,41.5
u0882,Hyderabad,pm10,2023,11,58.6
u0882,Hyderabad,pm10,2024,11,62.2
u0882,Hyderabad,pm10,2025,11,60.4
u0882,Hyderabad,pm25,2015,2,41.5
u0882,Hyderabad,pm25,2016,2,49.45
u0882,Hyderabad,pm25,2017,5,71.9
u0882,Hyderabad,pm25,2018,5,90.3
u0882,Hyderabad,pm25,2019,5,84.2
u0882,Hyderabad,pm25,2020,5,88.7
u0882,Hyderabad,pm25,2021,5,92.0
u0882,Hyderabad,pm25,2022,12,45.1
u0882,Hyderabad,pm25,2023,12,64.45
u0882,Hyderabad,pm25,2024,12,61.95
u0882,Hyderabad,pm25,2025,12,70.05
u0415,Indore,pm10,2019,1,28.8
u0415,Indore,pm10,2020,1,95.9
u0415,Indore,pm10,2021,1,97.2
u0415,Indore,pm10,2022,1,98.9
u0415,Indore,pm10,2023,5,1.6
u0415,Indore,pm10,2024,6,42.7
u0415,Indore,pm10,2025,6,68.75
u0415,Indore,pm25,2019,1,22.8
u0415,Indore,pm25,2020,1,95.9
u0415,Indore,pm25,2021,1,96.9
u0415,Indore,pm25,2022,1,91.8
u0415,Indore,pm25,2023,5,2.7
u0415,Indore,pm25,2024,6,73.75
u0415,Indore,pm25,2025,6,70.55
u0854,Jabalpur,pm10,2019,1,27.7
u0854,Jabalpur,pm10,2020,1,97.8
u0854,Jabalpur,pm10,2021,1,98.1
u0854,Jabalpur,pm10,2022,1,96.7
u0854,Jabalpur,pm10,2023,4,43.6
u0854,Jabalpur,pm10,2024,4,91.75
u0854,Jabalpur,pm10,2025,4,89.45
u0854,Jabalpur,pm25,2019,1,28.2
u0854,Jabalpur,pm25,2020,1,97.4
u0854,Jabalpur,pm25,2021,1,98.6
u0854,Jabalpur,pm25,2022,1,94.9
u0854,Jabalpur,pm25,2023,4,41.95
u0854,Jabalpur,pm25,2024,4,88.2
u0854,Jabalpur,pm25,2025,4,87.7
u0251,Jaipur,pm10,2017,3,13.1
u0251,Jaipur,pm10,2018,3,74.2
u0251,Jaipur,pm10,2019,3,78.8
u0251,Jaipur,pm10,2020,3,98.0
u0251,Jaipur,pm10,2021,3,97.5
u0251,Jaipur,pm10,2022,3,94.5
u0251,Jaipur,pm10,2023,6,73.25
u0251,Jaipur,pm10,2024,6,94.25
u0251,Jaipur,pm10,2025,6,95.7
u0251,Jaipur,pm25,2017,3,13.1
u0251,Jaipur,pm25,2018,3,72.7
u0251,Jaipur,pm25,2019,3,78.2
u0251,Jaipur,pm25,2020,3,82.1
u0251,Jaipur,pm25,2021,3,98.3
u0251,Jaipur,pm25,2022,3,93.0
u0251,Jaipur,pm25,2023,6,70.65
u0251,Jaipur,pm25,2024,6,93.55
u0251,Jaipur,pm25,2025,6,95.65
u0104,Jalandhar,pm10,2018,1,65.2
u0104,Jalandhar,pm10,2019,1,73.5
u0104,Jalandhar,pm10,2020,1,98.1
u0104,Jalandhar,pm10,2021,1,97.4
u0104,Jalandhar,pm10,2022,1,98.9
u0104,Jalandhar,pm10,2023,1,97.6
u0104,Jalandhar,pm10,2024,1,97.2
u0104,Jalandhar,pm10,2025,1,99.7
u0104,Jalandhar,pm25,2018,1,78.7
u0104,Jalandhar,pm25,2019,1,95.0
u0104,Jalandhar,pm25,2020,1,99.0
u0104,Jalandhar,pm25,2021,1,98.3
u0104,Jalandhar,pm25,2022,1,98.9
u0104,Jalandhar,pm25,2023,1,98.0
u0104,Jalandhar,pm25,2024,1,97.2
u0104,Jalandhar,pm25,2025,1,99.7
u0450,Jalgaon,pm10,2023,1,50.9
u0450,Jalgaon,pm10,2024,1,75.2
u0450,Jalgaon,pm10,2025,1,93.9
u0450,Jalgaon,pm25,2023,1,52.0
u0450,Jalgaon,pm25,2024,1,93.3
u0450,Jalgaon,pm25,2025,1,94.6
u0527,Jalna,pm10,2023,1,46.3
u0527,Jalna,pm10,2024,1,83.8
u0527,Jalna,pm10,2025,1,72.5
u0527,Jalna,pm25,2023,1,46.6
u0527,Jalna,pm25,2024,1,82.6
u0527,Jalna,pm25,2025,1,66.0
u0604,Jhansi,pm10,2022,1,68.8
u0604,Jhansi,pm10,2023,1,92.6
u0604,Jhansi,pm10,2024,1,68.4
u0604,Jhansi,pm10,2025,1,95.5
u0604,Jhansi,pm25,2022,1,67.1
u0604,Jhansi,pm25,2023,1,73.4
u0604,Jhansi,pm25,2024,1,85.8
u0604,Jhansi,pm25,2025,1,95.0
u0090,Jodhpur,pm10,2015,1,9.0
u0090,Jodhpur,pm10,2016,1,45.0
u0090,Jodhpur,pm10,2017,1,9.9
u0090,Jodhpur,pm10,2018,1,89.2
u0090,Jodhpur,pm10,2019,1,94.8
u0090,Jodhpur,pm10,2020,1,97.3
u0090,Jodhpur,pm10,2021,1,95.2
u0090,Jodhpur,pm10,2022,1,94.8
u0090,Jodhpur,pm10,2023,4,74.35
u0090,Jodhpur,pm10,2024,4,98.25
u0090,Jodhpur,pm10,2025,4,98.6
u0090,Jodhpur,pm25,2015,1,8.9
u0090,Jodhpur,pm25,2016,1,45.3
u0090,Jodhpur,pm25,2017,1,15.9
u0090,Jodhpur,pm25,2018,1,87.8
u0090,Jodhpur,pm25,2019,1,95.4
u0090,Jodhpur,pm25,2020,1,95.5
u0090,Jodhpur,pm25,2021,1,96.5
u0090,Jodhpur,pm25,2022,1,94.5
u0090,Jodhpur,pm25,2023,4,76.9
u0090,Jodhpur,pm25,2024,4,97.5
u0090,Jodhpur,pm25,2025,4,97.25
u1050,Kadapa,pm10,2023,1,71.2
u1050,Kadapa,pm10,2024,1,45.6
u1050,Kadapa,pm10,2025,1,75.7
u1050,Kadapa,pm25,2023,1,71.2
u1050,Kadapa,pm25,2024,1,57.3
u1050,Kadapa,pm25,2025,1,58.8
u0745,Kanpur,pm10,2015,1,26.0
u0745,Kanpur,pm10,2021,3,30.3
u0745,Kanpur,pm10,2022,3,94.7
u0745,Kanpur,pm10,2023,3,92.3
u0745,Kanpur,pm10,2024,3,90.7
u0745,Kanpur,pm10,2025,3,92.6
u0745,Kanpur,pm25,2015,1,60.4
u0745,Kanpur,pm25,2016,1,77.3
u0745,Kanpur,pm25,2017,1,82.1
u0745,Kanpur,pm25,2018,1,94.0
u0745,Kanpur,pm25,2019,1,92.0
u0745,Kanpur,pm25,2020,2,50.5
u0745,Kanpur,pm25,2021,4,61.35
u0745,Kanpur,pm25,2022,4,94.8
u0745,Kanpur,pm25,2023,4,89.7
u0745,Kanpur,pm25,2024,3,92.3
u0745,Kanpur,pm25,2025,3,92.3
u0469,Kashipur,pm10,2023,1,60.2
u0469,Kashipur,pm10,2024,1,72.3
u0469,Kashipur,pm10,2025,1,82.9
u0469,Kashipur,pm25,2023,1,60.8
u0469,Kashipur,pm25,2024,1,92.7
u0469,Kashipur,pm25,2025,1,82.7
u0398,Khurja,pm10,2022,1,46.0
u0398,Khurja,pm10,2023,1,87.6
u0398,Khurja,pm10,2024,1,65.6
u0398,Khurja,pm10,2025,1,84.2
u0398,Khurja,pm25,2022,1,47.4
u0398,Khurja,pm25,2023,1,69.7
u0398,Khurja,pm25,2024,1,81.4
u0398,Khurja,pm25,2025,1,80.1
u0434,Kolhapur,pm10,2023,2,53.7
u0434,Kolhapur,pm10,2024,2,78.85
u0434,Kolhapur,pm10,2025,2,81.15
u0434,Kolhapur,pm25,2023,2,50.1
u0434,Kolhapur,pm25,2024,2,77.55
u0434,Kolhapur,pm25,2025,2,78.9
u1281,Korba,pm10,2022,1,1.6
u1281,Korba,pm10,2023,1,77.2
u1281,Korba,pm10,2024,1,73.0
u1281,Korba,pm10,2025,1,79.7
u1281,Korba,pm25,2022,1,1.6
u1281,Korba,pm25,2023,1,75.1
u1281,Korba,pm25,2024,1,75.3
u1281,Korba,pm25,2025,1,62.6
u0333,Kota,pm10,2017,1,7.9
u0333,Kota,pm10,2018,1,85.7
u0333,Kota,pm10,2019,1,99.7
u0333,Kota,pm10,2020,1,98.9
u0333,Kota,pm10,2021,1,98.0
u0333,Kota,pm10,2022,1,95.9
u0333,Kota,pm10,2023,3,87.9
u0333,Kota,pm10,2024,3,98.6
u0333,Kota,pm10,2025,3,98.1
u0333,Kota,pm25,2017,1,7.9
u0333,Kota,pm25,2018,1,85.0
u0333,Kota,pm25,2019,1,99.8
u0333,Kota,pm25,2020,1,95.7
u0333,Kota,pm25,2021,1,96.3
u0333,Kota,pm25,2022,1,95.6
u0333,Kota,pm25,2023,3,90.3
u0333,Kota,pm25,2024,3,97.8
u0333,Kota,pm25,2025,3,98.4
u0645,Latur,pm10,2023,1,50.1
u0645,Latur,pm10,2024,1,96.4
u0645,Latur,pm10,2025,1,74.3
u0645,Latur,pm25,2023,1,49.1
u0645,Latur,pm25,2024,1,91.0
u0645,Latur,pm25,2025,1,94.1
u0795,Lucknow,pm10,2020,2,42.55
u0795,Lucknow,pm10,2021,5,43.6
u0795,Lucknow,pm10,2022,6,96.0
u0795,Lucknow,pm10,2023,6,95.05
u0795,Lucknow,pm10,2024,6,94.4
u0795,Lucknow,pm10,2025,6,96.5
u0795,Lucknow,pm25,2015,3,56.9
u0795,Lucknow,pm25,2016,3,71.9
u0795,Lucknow,pm25,2017,4,40.7
u0795,Lucknow,pm25,2018,4,72.5
u0795,Lucknow,pm25,2019,4,56.95
u0795,Lucknow,pm25,2020,3,94.4
u0795,Lucknow,pm25,2021,5,72.7
u0795,Lucknow,pm25,2022,6,94.0
u0795,Lucknow,pm25,2023,6,93.75
u0795,Lucknow,pm25,2024,6,94.5
u0795,Lucknow,pm25,2025,6,94.55
u0134,Ludhiana,pm10,2017,1,25.9
u0134,Ludhiana,pm10,2018,1,68.5
u0134,Ludhiana,pm10,2019,1,92.1
u0134,Ludhiana,pm10,2020,1,70.4
u0134,Ludhiana,pm10,2021,1,94.7
u0134,Ludhiana,pm10,2022,1,94.7
u0134,Ludhiana,pm10,2023,1,96.7
u0134,Ludhiana,pm10,2024,1,96.2
u0134,Ludhiana,pm10,2025,1,98.8
u0134,Ludhiana,pm25,2017,1,26.0
u0134,Ludhiana,pm25,2018,1,71.6
u0134,Ludhiana,pm25,2019,1,94.6
u0134,Ludhiana,pm25,2020,1,78.5
u0134,Ludhiana,pm25,2021,1,96.7
u0134,Ludhiana,pm25,2022,1,98.3
u0134,Ludhiana,pm25,2023,1,99.5
u0134,Ludhiana,pm25,2024,1,98.3
u0134,Ludhiana,pm25,2025,1,98.8
u1058,Madurai,pm10,2024,1,20.2
u1058,Madurai,pm10,2025,1,83.8
u1058,Madurai,pm25,2024,1,20.2
u1058,Madurai,pm25,2025,1,72.8
u0345,Meerut,pm10,2019,3,22.7
u0345,Meerut,pm10,2020,3,78.4
u0345,Meerut,pm10,2021,3,74.2
u0345,Meerut,pm10,2022,3,91.2
u0345,Meerut,pm10,2023,3,84.9
u0345,Meerut,pm10,2024,3,93.7
u0345,Meerut,pm10,2025,3,94.2
u0345,Meerut,pm25,2019,3,22.2
u0345,Meerut,pm25,2020,3,78.9
u0345,Meerut,pm25,2021,3,71.5
u0345,Meerut,pm25,2022,3,84.8
u0345,Meerut,pm25,2023,3,82.1
u0345,Meerut,pm25,2024,3,74.7
u0345,Meerut,pm25,2025,3,74.0
u0459,Moradabad,pm10,2017,1,19.4
u0459,Moradabad,pm10,2018,1,81.7
u0459,Moradabad,pm10,2019,1,67.6
u0459,Moradabad,pm10,2020,1,43.1
u0459,Moradabad,pm10,2021,4,9.6
u0459,Moradabad,pm10,2022,7,68.8
u0459,Moradabad,pm10,2023,6,91.25
u0459,Moradabad,pm10,2024,6,93.0
u0459,Moradabad,pm10,2025,7,88.2
u0459,Moradabad,pm25,2017,1,28.3
u0459,Moradabad,pm25,2018,1,82.0
u0459,Moradabad,pm25,2019,1,67.9
u0459,Moradabad,pm25,2020,1,44.2
u0459,Moradabad,pm25,2021,4,9.5
u0459,Moradabad,pm25,2022,7,72.8
u0459,Moradabad,pm25,2023,6,89.55
u0459,Moradabad,pm25,2024,6,93.55
u0459,Moradabad,pm25,2025,7,86.0
u0240,"Mumbai, Navi Mumbai, Thane",pm10,2015,2,93.6
u0240,"Mumbai, Navi Mumbai, Thane",pm10,2016,3,70.2
u0240,"Mumbai, Navi Mumbai, Thane",pm10,2017,2,88.4
u0240,"Mumbai, Navi Mumbai, Thane",pm10,2018,2,62.6
u0240,"Mumbai, Navi Mumbai, Thane",pm10,2019,12,51.45
u0240,"Mumbai, Navi Mumbai, Thane",pm10,2020,22,25.2
u0240,"Mumbai, Navi Mumbai, Thane",pm10,2021,22,83.5
u0240,"Mumbai, Navi Mumbai, Thane",pm10,2022,21,72.8
u0240,"Mumbai, Navi Mumbai, Thane",pm10,2023,37,65.4
u0240,"Mumbai, Navi Mumbai, Thane",pm10,2024,36,87.8
u0240,"Mumbai, Navi Mumbai, Thane",pm10,2025,38,79.45
u0240,"Mumbai, Navi Mumbai, Thane",pm25,2015,2,93.75
u0240,"Mumbai, Navi Mumbai, Thane",pm25,2016,3,72.8
u0240,"Mumbai, Navi Mumbai, Thane",pm25,2017,2,60.05
u0240,"Mumbai, Navi Mumbai, Thane",pm25,2018,1,53.3
u0240,"Mumbai, Navi Mumbai, Thane",pm25,2019,11,51.7
u0240,"Mumbai, Navi Mumbai, Thane",pm25,2020,21,34.0
u0240,"Mumbai, Navi Mumbai, Thane",pm25,2021,22,82.75
u0240,"Mumbai, Navi Mumbai, Thane",pm25,2022,21,74.1
u0240,"Mumbai, Navi Mumbai, Thane",pm25,2023,37,52.8
u0240,"Mumbai, Navi Mumbai, Thane",pm25,2024,36,88.0
u0240,"Mumbai, Navi Mumbai, Thane",pm25,2025,38,73.45
u1404,Muzaffarpur,pm10,2020,2,44.75
u1404,Muzaffarpur,pm10,2021,3,69.3
u1404,Muzaffarpur,pm10,2022,4,79.95
u1404,Muzaffarpur,pm10,2023,4,81.35
u1404,Muzaffarpur,pm10,2024,4,83.65
u1404,Muzaffarpur,pm10,2025,4,73.75
u1404,Muzaffarpur,pm25,2015,1,19.2
u1404,Muzaffarpur,pm25,2016,1,73.3
u1404,Muzaffarpur,pm25,2017,1,50.3
u1404,Muzaffarpur,pm25,2018,1,84.6
u1404,Muzaffarpur,pm25,2019,1,73.0
u1404,Muzaffarpur,pm25,2020,3,49.8
u1404,Muzaffarpur,pm25,2021,4,84.75
u1404,Muzaffarpur,pm25,2022,5,81.1
u1404,Muzaffarpur,pm25,2023,5,89.4
u1404,Muzaffarpur,pm25,2024,5,74.7
u1404,Muzaffarpur,pm25,2025,5,66.5
u1871,Nagaon,pm10,2023,1,69.6
u1871,Nagaon,pm10,2024,1,71.5
u1871,Nagaon,pm10,2025,1,71.0
u1871,Nagaon,pm25,2023,1,71.7
u1871,Nagaon,pm25,2024,1,86.3
u1871,Nagaon,pm25,2025,1,75.1
u0827,Nagpur,pm10,2016,1,48.0
u0827,Nagpur,pm10,2017,1,69.3
u0827,Nagpur,pm10,2018,1,81.7
u0827,Nagpur,pm10,2019,1,75.7
u0827,Nagpur,pm10,2020,1,68.3
u0827,Nagpur,pm10,2021,1,45.1
u0827,Nagpur,pm10,2022,1,92.0
u0827,Nagpur,pm10,2023,4,54.45
u0827,Nagpur,pm10,2024,4,87.9
u0827,Nagpur,pm10,2025,4,97.5
u0827,Nagpur,pm25,2016,1,47.7
u0827,Nagpur,pm25,2017,1,68.0
u0827,Nagpur,pm25,2018,1,81.2
u0827,Nagpur,pm25,2019,1,77.6
u0827,Nagpur,pm25,2020,1,71.0
u0827,Nagpur,pm25,2021,1,60.9
u0827,Nagpur,pm25,2022,1,87.0
u0827,Nagpur,pm25,2023,4,54.45
u0827,Nagpur,pm25,2024,4,97.55
u0827,Nagpur,pm25,2025,4,97.0
u1853,Nalbari,pm10,2022,1,9.9
u1853,Nalbari,pm10,2023,1,78.3
u1853,Nalbari,pm10,2024,1,61.2
u1853,Nalbari,pm10,2025,1,74.4
u1853,Nalbari,pm25,2022,1,9.9
u1853,Nalbari,pm25,2023,1,81.9
u1853,Nalbari,pm25,2024,1,77.1
u1853,Nalbari,pm25,2025,1,71.3
u0297,Nashik,pm10,2016,1,39.1
u0297,Nashik,pm10,2017,1,31.1
u0297,Nashik,pm10,2018,1,83.8
u0297,Nashik,pm10,2019,1,74.3
u0297,Nashik,pm10,2020,1,88.0
u0297,Nashik,pm10,2021,1,86.4
u0297,Nashik,pm10,2022,1,81.8
u0297,Nashik,pm10,2023,4,53.6
u0297,Nashik,pm10,2024,4,94.8
u0297,Nashik,pm10,2025,4,93.8
u0297,Nashik,pm25,2016,1,38.8
u0297,Nashik,pm25,2017,1,30.3
u0297,Nashik,pm25,2018,1,87.6
u0297,Nashik,pm25,2019,1,76.7
u0297,Nashik,pm25,2020,1,88.2
u0297,Nashik,pm25,2021,1,88.0
u0297,Nashik,pm25,2022,1,73.6
u0297,Nashik,pm25,2023,4,53.45
u0297,Nashik,pm25,2024,4,94.25
u0297,Nashik,pm25,2025,4,93.5
u0188,Patiala,pm10,2018,1,78.7
u0188,Patiala,pm10,2019,1,94.6
u0188,Patiala,pm10,2020,1,98.6
u0188,Patiala,pm10,2021,1,97.5
u0188,Patiala,pm10,2022,1,97.8
u0188,Patiala,pm10,2023,1,99.1
u0188,Patiala,pm10,2024,1,99.1
u0188,Patiala,pm10,2025,1,97.8
u0188,Patiala,pm25,2018,1,74.4
u0188,Patiala,pm25,2019,1,97.7
u0188,Patiala,pm25,2020,1,98.8
u0188,Patiala,pm25,2021,1,98.4
u0188,Patiala,pm25,2022,1,97.2
u0188,Patiala,pm25,2023,1,99.4
u0188,Patiala,pm25,2024,1,99.2
u0188,Patiala,pm25,2025,1,97.0
u1409,Patna,pm10,2019,3,1.9
u1409,Patna,pm10,2020,5,72.6
u1409,Patna,pm10,2021,5,95.1
u1409,Patna,pm10,2022,5,93.0
u1409,Patna,pm10,2023,5,89.0
u1409,Patna,pm10,2024,5,95.8
u1409,Patna,pm10,2025,5,93.9
u1409,Patna,pm25,2015,1,18.1
u1409,Patna,pm25,2016,1,68.2
u1409,Patna,pm25,2017,1,27.9
u1409,Patna,pm25,2018,1,96.2
u1409,Patna,pm25,2019,4,1.9
u1409,Patna,pm25,2020,6,67.85
u1409,Patna,pm25,2021,6,91.0
u1409,Patna,pm25,2022,6,94.8
u1409,Patna,pm25,2023,6,92.6
u1409,Patna,pm25,2024,6,87.85
u1409,Patna,pm25,2025,6,87.35
u0337,Pune,pm10,2015,1,49.8
u0337,Pune,pm10,2016,1,82.7
u0337,Pune,pm10,2017,1,85.8
u0337,Pune,pm10,2018,1,50.3
u0337,Pune,pm10,2019,1,96.0
u0337,Pune,pm10,2020,5,7.1
u0337,Pune,pm10,2021,7,48.2
u0337,Pune,pm10,2022,7,27.1
u0337,Pune,pm10,2023,11,53.4
u0337,Pune,pm10,2024,14,68.85
u0337,Pune,pm10,2025,15,74.3
u0337,Pune,pm25,2015,1,50.0
u0337,Pune,pm25,2016,1,83.4
u0337,Pune,pm25,2017,1,86.5
u0337,Pune,pm25,2018,1,51.1
u0337,Pune,pm25,2019,1,95.0
u0337,Pune,pm25,2020,5,7.1
u0337,Pune,pm25,2021,7,57.6
u0337,Pune,pm25,2022,7,26.8
u0337,Pune,pm25,2023,11,52.5
u0337,Pune,pm25,2024,14,70.6
u0337,Pune,pm25,2025,15,80.3
u1155,Raipur,pm10,2022,2,0.8
u1155,Raipur,pm10,2023,2,85.6
u1155,Raipur,pm10,2024,2,84.05
u1155,Raipur,pm10,2025,2,87.15
u1155,Raipur,pm25,2022,2,0.8
u1155,Raipur,pm25,2023,2,86.05
u1155,Raipur,pm25,2024,2,73.25
u1155,Raipur,pm25,2025,2,85.25
u0354,Rishikesh,pm10,2023,1,83.4
u0354,Rishikesh,pm10,2024,1,94.0
u0354,Rishikesh,pm10,2025,1,81.0
u0354,Rishikesh,pm25,2023,1,83.2
u0354,Rishikesh,pm25,2024,1,93.0
u0354,Rishikesh,pm25,2025,1,79.4
u1534,Rourkela,pm10,2022,1,8.8
u1534,Rourkela,pm10,2023,2,71.85
u1534,Rourkela,pm10,2024,2,85.8
u1534,Rourkela,pm10,2025,2,74.6
u1534,Rourkela,pm25,2022,1,8.8
u1534,Rourkela,pm25,2023,2,83.6
u1534,Rourkela,pm25,2024,2,85.8
u1534,Rourkela,pm25,2025,2,65.55
u0699,Sagar,pm10,2020,1,51.9
u0699,Sagar,pm10,2021,1,2.5
u0699,Sagar,pm10,2022,2,13.7
u0699,Sagar,pm10,2023,2,59.5
u0699,Sagar,pm10,2024,2,82.0
u0699,Sagar,pm10,2025,2,81.4
u0699,Sagar,pm25,2020,1,84.9
u0699,Sagar,pm25,2021,1,89.9
u0699,Sagar,pm25,2022,2,43.3
u0699,Sagar,pm25,2023,2,61.7
u0699,Sagar,pm25,2024,2,80.6
u0699,Sagar,pm25,2025,2,82.0
u0473,Sangli,pm10,2023,1,53.1
u0473,Sangli,pm10,2024,1,87.2
u0473,Sangli,pm10,2025,1,80.0
u0473,Sangli,pm25,2023,1,54.2
u0473,Sangli,pm25,2024,1,87.2
u0473,Sangli,pm25,2025,1,80.3
u1904,Sibsagar,pm10,2022,1,23.3
u1904,Sibsagar,pm10,2023,1,72.5
u1904,Sibsagar,pm10,2024,1,92.9
u1904,Sibsagar,pm10,2025,1,89.4
u1904,Sibsagar,pm25,2022,1,23.3
u1904,Sibsagar,pm25,2023,1,85.7
u1904,Sibsagar,pm25,2024,1,55.6
u1904,Sibsagar,pm25,2025,1,85.7
u1887,Silchar,pm10,2023,1,81.9
u1887,Silchar,pm10,2024,1,69.9
u1887,Silchar,pm10,2025,1,95.7
u1887,Silchar,pm25,2023,1,43.9
u1887,Silchar,pm25,2024,1,72.3
u1887,Silchar,pm25,2025,1,92.4
u0600,Solapur,pm10,2016,1,88.8
u0600,Solapur,pm10,2017,1,86.9
u0600,Solapur,pm10,2018,1,76.9
u0600,Solapur,pm10,2019,1,84.3
u0600,Solapur,pm10,2020,1,66.9
u0600,Solapur,pm10,2021,1,11.0
u0600,Solapur,pm10,2022,1,0.0
u0600,Solapur,pm10,2023,3,54.2
u0600,Solapur,pm10,2024,3,83.6
u0600,Solapur,pm10,2025,3,92.1
u0600,Solapur,pm25,2016,1,87.7
u0600,Solapur,pm25,2017,1,82.5
u0600,Solapur,pm25,2018,1,70.3
u0600,Solapur,pm25,2019,1,84.6
u0600,Solapur,pm25,2020,1,66.9
u0600,Solapur,pm25,2021,1,49.8
u0600,Solapur,pm25,2022,1,10.3
u0600,Solapur,pm25,2023,3,53.2
u0600,Solapur,pm25,2024,3,83.2
u0600,Solapur,pm25,2025,3,92.9
u0018,Srinagar,pm10,2025,2,31.85
u0018,Srinagar,pm25,2025,2,31.05
u0179,Surat,pm10,2022,1,15.1
u0179,Surat,pm10,2023,1,56.4
u0179,Surat,pm10,2024,1,54.0
u0179,Surat,pm10,2025,1,72.6
u0179,Surat,pm25,2022,1,13.7
u0179,Surat,pm25,2023,1,51.9
u0179,Surat,pm25,2024,1,71.7
u0179,Surat,pm25,2025,1,77.5
u1609,Talcher,pm10,2018,1,49.1
u1609,Talcher,pm10,2019,1,65.7
u1609,Talcher,pm10,2020,1,62.5
u1609,Talcher,pm10,2021,1,86.7
u1609,Talcher,pm10,2022,1,69.4
u1609,Talcher,pm10,2023,1,78.2
u1609,Talcher,pm10,2024,1,91.2
u1609,Talcher,pm10,2025,1,82.5
u1609,Talcher,pm25,2018,1,46.2
u1609,Talcher,pm25,2019,1,63.3
u1609,Talcher,pm25,2020,1,63.3
u1609,Talcher,pm25,2021,1,84.3
u1609,Talcher,pm25,2022,1,57.5
u1609,Talcher,pm25,2023,1,68.3
u1609,Talcher,pm25,2024,1,88.5
u1609,Talcher,pm25,2025,1,69.1
u1107,Trichy,pm10,2023,1,1.4
u1107,Trichy,pm10,2024,1,15.8
u1107,Trichy,pm10,2025,1,68.4
u1107,Trichy,pm25,2023,1,1.4
u1107,Trichy,pm25,2024,1,15.8
u1107,Trichy,pm25,2025,1,68.7
u0393,Ujjain,pm10,2017,1,9.7
u0393,Ujjain,pm10,2018,1,96.8
u0393,Ujjain,pm10,2019,1,77.5
u0393,Ujjain,pm10,2020,1,77.8
u0393,Ujjain,pm10,2021,1,96.9
u0393,Ujjain,pm10,2022,1,89.9
u0393,Ujjain,pm10,2023,1,80.3
u0393,Ujjain,pm10,2024,1,72.8
u0393,Ujjain,pm10,2025,1,30.4
u0393,Ujjain,pm25,2017,1,9.8
u0393,Ujjain,pm25,2018,1,95.2
u0393,Ujjain,pm25,2019,1,97.4
u0393,Ujjain,pm25,2020,1,97.0
u0393,Ujjain,pm25,2021,1,97.1
u0393,Ujjain,pm25,2022,1,80.5
u0393,Ujjain,pm25,2023,1,79.6
u0393,Ujjain,pm25,2024,1,73.6
u0393,Ujjain,pm25,2025,1,30.9
u1122,Varanasi,pm10,2021,3,46.0
u1122,Varanasi,pm10,2022,3,91.8
u1122,Varanasi,pm10,2023,3,95.1
u1122,Varanasi,pm10,2024,3,95.1
u1122,Varanasi,pm10,2025,3,76.1
u1122,Varanasi,pm25,2021,3,47.1
u1122,Varanasi,pm25,2022,3,86.3
u1122,Varanasi,pm25,2023,3,90.1
u1122,Varanasi,pm25,2024,3,72.6
u1122,Varanasi,pm25,2025,3,72.1
u0236,Vasai-Virar,pm10,2019,1,34.8
u0236,Vasai-Virar,pm10,2020,1,51.1
u0236,Vasai-Virar,pm10,2021,1,22.2
u0236,Vasai-Virar,pm10,2022,1,49.7
u0236,Vasai-Virar,pm10,2023,2,58.45
u0236,Vasai-Virar,pm10,2024,2,86.75
u0236,Vasai-Virar,pm10,2025,2,74.9
u0236,Vasai-Virar,pm25,2019,1,34.5
u0236,Vasai-Virar,pm25,2020,1,61.7
u0236,Vasai-Virar,pm25,2021,1,67.1
u0236,Vasai-Virar,pm25,2022,1,66.2
u0236,Vasai-Virar,pm25,2023,2,53.35
u0236,Vasai-Virar,pm25,2024,2,86.85
u0236,Vasai-Virar,pm25,2025,2,66.7
u1230,Vijayawada,pm10,2017,1,29.2
u1230,Vijayawada,pm10,2018,1,42.1
u1230,Vijayawada,pm10,2019,1,35.9
u1230,Vijayawada,pm10,2023,3,31.4
u1230,Vijayawada,pm10,2024,4,54.75
u1230,Vijayawada,pm10,2025,4,68.7
u1230,Vijayawada,pm25,2017,1,28.5
u1230,Vijayawada,pm25,2018,1,50.9
u1230,Vijayawada,pm25,2019,1,41.0
u1230,Vijayawada,pm25,2020,1,0.0
u1230,Vijayawada,pm25,2023,3,31.4
u1230,Vijayawada,pm25,2024,4,55.85
u1230,Vijayawada,pm25,2025,4,60.15
u1512,Vishakhapatnam,pm10,2016,1,26.1
u1512,Vishakhapatnam,pm10,2017,1,38.0
u1512,Vishakhapatnam,pm10,2018,1,77.2
u1512,Vishakhapatnam,pm10,2019,1,78.6
u1512,Vishakhapatnam,pm10,2020,1,88.5
u1512,Vishakhapatnam,pm10,2021,1,90.0
u1512,Vishakhapatnam,pm10,2022,1,92.1
u1512,Vishakhapatnam,pm10,2023,1,86.3
u1512,Vishakhapatnam,pm10,2024,1,93.0
u1512,Vishakhapatnam,pm10,2025,1,95.1
u1512,Vishakhapatnam,pm25,2016,1,28.2
u1512,Vishakhapatnam,pm25,2017,1,37.7
u1512,Vishakhapatnam,pm25,2018,1,75.0
u1512,Vishakhapatnam,pm25,2019,1,79.1
u1512,Vishakhapatnam,pm25,2020,1,86.5
u1512,Vishakhapatnam,pm25,2021,1,89.5
u1512,Vishakhapatnam,pm25,2022,1,90.9
u1512,Vishakhapatnam,pm25,2023,1,86.8
u1512,Vishakhapatnam,pm25,2024,1,92.3
u1512,Vishakhapatnam,pm25,2025,1,96.4
