unit_id,name,year,pm25_popweighted_ugm3
u0456,Agra,2010,81.2794
u0456,Agra,2011,84.1746
u0456,Agra,2012,79.1981
u0456,Agra,2013,80.3143
u0456,Agra,2014,74.7511
u0456,Agra,2015,81.6559
u0456,Agra,2016,88.9221
u0456,Agra,2017,89.6974
u0456,Agra,2018,86.9942
u0456,Agra,2019,86.6161
u0456,Agra,2020,82.9346
u0456,Agra,2021,88.4642
u0456,Agra,2022,75.9382
u0456,Agra,2023,69.7255
u0456,Agra,2024,68.0111
u0129,Ahmedabad,2010,49.0285
u0129,Ahmedabad,2011,49.9164
u0129,Ahmedabad,2012,52.4311
u0129,Ahmedabad,2013,54.3457
u0129,Ahmedabad,2014,55.4585
u0129,Ahmedabad,2015,62.9464
u0129,Ahmedabad,2016,58.4808
u0129,Ahmedabad,2017,58.8382
u0129,Ahmedabad,2018,61.0426
u0129,Ahmedabad,2019,55.7682
u0129,Ahmedabad,2020,52.9855
u0129,Ahmedabad,2021,59.4859
u0129,Ahmedabad,2022,51.8707
u0129,Ahmedabad,2023,55.1861
u0129,Ahmedabad,2024,54.196
u0624,Akola,2010,39.3123
u0624,Akola,2011,42.4999
u0624,Akola,2012,40.7948
u0624,Akola,2013,45.1025
u0624,Akola,2014,43.1972
u0624,Akola,2015,48.3173
u0624,Akola,2016,45.937
u0624,Akola,2017,47.629
u0624,Akola,2018,48.8143
u0624,Akola,2019,50.2264
u0624,Akola,2020,47.7135
u0624,Akola,2021,50.5713
u0624,Akola,2022,44.916
u0624,Akola,2023,45.6523
u0624,Akola,2024,42.4571
u0976,Allahabad,2010,65.7644
u0976,Allahabad,2011,75.9953
u0976,Allahabad,2012,68.68
u0976,Allahabad,2013,69.8267
u0976,Allahabad,2014,63.67
u0976,Allahabad,2015,71.572
u0976,Allahabad,2016,86.8561
u0976,Allahabad,2017,84.5294
u0976,Allahabad,2018,72.8424
u0976,Allahabad,2019,80.3435
u0976,Allahabad,2020,68.3667
u0976,Allahabad,2021,72.6567
u0976,Allahabad,2022,65.6978
u0976,Allahabad,2023,61.8123
u0976,Allahabad,2024,57.4598
u0311,Alwar,2010,61.6446
u0311,Alwar,2011,60.6177
u0311,Alwar,2012,54.9807
u0311,Alwar,2013,57.2469
u0311,Alwar,2014,51.7448
u0311,Alwar,2015,61.2345
u0311,Alwar,2016,72.419
u0311,Alwar,2017,65.7661
u0311,Alwar,2018,63.0067
u0311,Alwar,2019,65.8358
u0311,Alwar,2020,60.3624
u0311,Alwar,2021,62.4076
u0311,Alwar,2022,50.8594
u0311,Alwar,2023,52.6886
u0311,Alwar,2024,50.1562
u0703,Amravati,2010,37.9375
u0703,Amravati,2011,41.4829
u0703,Amravati,2012,40.028
u0703,Amravati,2013,45.0998
u0703,Amravati,2014,44.0377
u0703,Amravati,2015,48.1769
u0703,Amravati,2016,47.1906
u0703,Amravati,2017,47.8622
u0703,Amravati,2018,49.2795
u0703,Amravati,2019,48.4987
u0703,Amravati,2020,46.7709
u0703,Amravati,2021,49.2334
u0703,Amravati,2022,44.7189
u0703,Amravati,2023,46.0269
u0703,Amravati,2024,42.7904
u0060,Amritsar,2010,68.0292
u0060,Amritsar,2011,69.9408
u0060,Amritsar,2012,57.2603
u0060,Amritsar,2013,64.3989
u0060,Amritsar,2014,62.4563
u0060,Amritsar,2015,67.5802
u0060,Amritsar,2016,77.0665
u0060,Amritsar,2017,67.5921
u0060,Amritsar,2018,70.6776
u0060,Amritsar,2019,63.8917
u0060,Amritsar,2020,63.3845
u0060,Amritsar,2021,69.565
u0060,Amritsar,2022,72.3869
u0060,Amritsar,2023,69.4328
u0060,Amritsar,2024,72.4384
u0877,Anantapur,2010,30.2134
u0877,Anantapur,2011,29.3168
u0877,Anantapur,2012,27.8394
u0877,Anantapur,2013,29.5925
u0877,Anantapur,2014,32.0336
u0877,Anantapur,2015,30.6684
u0877,Anantapur,2016,34.4426
u0877,Anantapur,2017,34.9389
u0877,Anantapur,2018,35.2865
u0877,Anantapur,2019,31.9969
u0877,Anantapur,2020,30.9559
u0877,Anantapur,2021,30.9765
u0877,Anantapur,2022,30.366
u0877,Anantapur,2023,29.6269
u0877,Anantapur,2024,27.8716
u1605,Angul,2010,43.8493
u1605,Angul,2011,47.3166
u1605,Angul,2012,45.9422
u1605,Angul,2013,46.4271
u1605,Angul,2014,50.1034
u1605,Angul,2015,49.5785
u1605,Angul,2016,50.8079
u1605,Angul,2017,55.2756
u1605,Angul,2018,54.5554
u1605,Angul,2019,53.4364
u1605,Angul,2020,50.7775
u1605,Angul,2021,50.326
u1605,Angul,2022,42.7384
u1605,Angul,2023,49.9596
u1605,Angul,2024,47.098
u1174,Anpara,2010,47.9353
u1174,Anpara,2011,54.9636
u1174,Anpara,2012,51.3749
u1174,Anpara,2013,51.8123
u1174,Anpara,2014,50.0823
u1174,Anpara,2015,51.8082
u1174,Anpara,2016,59.849
u1174,Anpara,2017,62.4261
u1174,Anpara,2018,54.1962
u1174,Anpara,2019,60.5771
u1174,Anpara,2020,53.714
u1174,Anpara,2021,58.822
u1174,Anpara,2022,54.0062
u1174,Anpara,2023,46.8394
u1174,Anpara,2024,48.601
u0000,Asansol & Raniganj,2010,59.4552
u0000,Asansol & Raniganj,2011,67.3078
u0000,Asansol & Raniganj,2012,64.7907
u0000,Asansol & Raniganj,2013,65.6237
u0000,Asansol & Raniganj,2014,67.5163
u0000,Asansol & Raniganj,2015,71.6434
u0000,Asansol & Raniganj,2016,71.2358
u0000,Asansol & Raniganj,2017,73.7794
u0000,Asansol & Raniganj,2018,69.3371
u0000,Asansol & Raniganj,2019,64.8468
u0000,Asansol & Raniganj,2020,67.5017
u0000,Asansol & Raniganj,2021,71.5718
u0000,Asansol & Raniganj,2022,54.647
u0000,Asansol & Raniganj,2023,59.503
u0000,Asansol & Raniganj,2024,60.2898
u0462,Aurangabad,2010,36.2234
u0462,Aurangabad,2011,37.8742
u0462,Aurangabad,2012,37.6244
u0462,Aurangabad,2013,40.6047
u0462,Aurangabad,2014,40.8345
u0462,Aurangabad,2015,45.8837
u0462,Aurangabad,2016,46.6893
u0462,Aurangabad,2017,45.486
u0462,Aurangabad,2018,43.8723
u0462,Aurangabad,2019,44.5229
u0462,Aurangabad,2020,41.1222
u0462,Aurangabad,2021,46.1595
u0462,Aurangabad,2022,43.8708
u0462,Aurangabad,2023,44.5306
u0462,Aurangabad,2024,40.1997
u0258,"Badlapur, Ulhasnagar",2010,46.09
u0258,"Badlapur, Ulhasnagar",2011,47.9337
u0258,"Badlapur, Ulhasnagar",2012,48.3007
u0258,"Badlapur, Ulhasnagar",2013,47.7722
u0258,"Badlapur, Ulhasnagar",2014,47.6982
u0258,"Badlapur, Ulhasnagar",2015,58.1339
u0258,"Badlapur, Ulhasnagar",2016,52.2391
u0258,"Badlapur, Ulhasnagar",2017,52.9572
u0258,"Badlapur, Ulhasnagar",2018,51.4988
u0258,"Badlapur, Ulhasnagar",2019,51.2212
u0258,"Badlapur, Ulhasnagar",2020,46.3492
u0258,"Badlapur, Ulhasnagar",2021,50.6987
u0258,"Badlapur, Ulhasnagar",2022,49.6204
u0258,"Badlapur, Ulhasnagar",2023,48.5381
u0258,"Badlapur, Ulhasnagar",2024,40.2708
u1737,Balasore,2010,44.1635
u1737,Balasore,2011,47.9124
u1737,Balasore,2012,48.8608
u1737,Balasore,2013,50.2489
u1737,Balasore,2014,54.3032
u1737,Balasore,2015,59.0706
u1737,Balasore,2016,59.1078
u1737,Balasore,2017,59.71
u1737,Balasore,2018,58.408
u1737,Balasore,2019,56.2553
u1737,Balasore,2020,46.7055
u1737,Balasore,2021,51.8559
u1737,Balasore,2022,37.785
u1737,Balasore,2023,45.1893
u1737,Balasore,2024,41.9262
u0899,Bangalore,2010,31.726
u0899,Bangalore,2011,32.679
u0899,Bangalore,2012,32.6335
u0899,Bangalore,2013,31.9743
u0899,Bangalore,2014,33.2318
u0899,Bangalore,2015,33.8734
u0899,Bangalore,2016,39.9054
u0899,Bangalore,2017,35.4336
u0899,Bangalore,2018,37.7936
u0899,Bangalore,2019,35.864
u0899,Bangalore,2020,32.8037
u0899,Bangalore,2021,34.3722
u0899,Bangalore,2022,34.9666
u0899,Bangalore,2023,32.1201
u0899,Bangalore,2024,32.5055
u0555,Bareily,2010,82.2126
u0555,Bareily,2011,85.7193
u0555,Bareily,2012,73.3046
u0555,Bareily,2013,78.8966
u0555,Bareily,2014,71.6988
u0555,Bareily,2015,87.4901
u0555,Bareily,2016,90.795
u0555,Bareily,2017,85.6643
u0555,Bareily,2018,82.6228
u0555,Bareily,2019,72.2639
u0555,Bareily,2020,67.372
u0555,Bareily,2021,76.0885
u0555,Bareily,2022,72.7629
u0555,Bareily,2023,58.9649
u0555,Bareily,2024,58.9088
u1785,"Barrackpore, Howrah, Kolkata",2010,47.7714
u1785,"Barrackpore, Howrah, Kolkata",2011,55.1739
u1785,"Barrackpore, Howrah, Kolkata",2012,56.5708
u1785,"Barrackpore, Howrah, Kolkata",2013,53.2151
u1785,"Barrackpore, Howrah, Kolkata",2014,62.4434
u1785,"Barrackpore, Howrah, Kolkata",2015,57.2361
u1785,"Barrackpore, Howrah, Kolkata",2016,63.8691
u1785,"Barrackpore, Howrah, Kolkata",2017,62.1236
u1785,"Barrackpore, Howrah, Kolkata",2018,64.798
u1785,"Barrackpore, Howrah, Kolkata",2019,58.4537
u1785,"Barrackpore, Howrah, Kolkata",2020,52.6865
u1785,"Barrackpore, Howrah, Kolkata",2021,57.8799
u1785,"Barrackpore, Howrah, Kolkata",2022,45.9101
u1785,"Barrackpore, Howrah, Kolkata",2023,50.7165
u1785,"Barrackpore, Howrah, Kolkata",2024,47.2677
u1116,Bhilai,2010,43.4472
u1116,Bhilai,2011,50.3766
u1116,Bhilai,2012,48.4912
u1116,Bhilai,2013,52.4665
u1116,Bhilai,2014,51.9012
u1116,Bhilai,2015,54.9879
u1116,Bhilai,2016,59.8319
u1116,Bhilai,2017,51.6195
u1116,Bhilai,2018,55.1372
u1116,Bhilai,2019,56.2564
u1116,Bhilai,2020,57.6787
u1116,Bhilai,2021,60.7138
u1116,Bhilai,2022,52.6439
u1116,Bhilai,2023,53.5334
u1116,Bhilai,2024,56.6185
u0567,Bhopal,2010,47.4097
u0567,Bhopal,2011,52.8237
u0567,Bhopal,2012,49.0273
u0567,Bhopal,2013,54.3012
u0567,Bhopal,2014,53.403
u0567,Bhopal,2015,53.2824
u0567,Bhopal,2016,57.7965
u0567,Bhopal,2017,58.0606
u0567,Bhopal,2018,59.3147
u0567,Bhopal,2019,57.8953
u0567,Bhopal,2020,54.6462
u0567,Bhopal,2021,59.3705
u0567,Bhopal,2022,54.2502
u0567,Bhopal,2023,53.9592
u0567,Bhopal,2024,57.7997
u1673,Bhubaneswar,2010,32.9897
u1673,Bhubaneswar,2011,37.0027
u1673,Bhubaneswar,2012,36.8063
u1673,Bhubaneswar,2013,37.5316
u1673,Bhubaneswar,2014,42.7148
u1673,Bhubaneswar,2015,40.827
u1673,Bhubaneswar,2016,38.6928
u1673,Bhubaneswar,2017,41.4827
u1673,Bhubaneswar,2018,44.3114
u1673,Bhubaneswar,2019,43.9509
u1673,Bhubaneswar,2020,41.3066
u1673,Bhubaneswar,2021,40.6694
u1673,Bhubaneswar,2022,33.8038
u1673,Bhubaneswar,2023,40.8555
u1673,Bhubaneswar,2024,36.6674
u0196,Chandigarh,2010,51.7341
u0196,Chandigarh,2011,52.9042
u0196,Chandigarh,2012,49.4546
u0196,Chandigarh,2013,53.2793
u0196,Chandigarh,2014,50.4173
u0196,Chandigarh,2015,54.1949
u0196,Chandigarh,2016,61.8359
u0196,Chandigarh,2017,56.1552
u0196,Chandigarh,2018,59.1759
u0196,Chandigarh,2019,53.5109
u0196,Chandigarh,2020,52.4003
u0196,Chandigarh,2021,53.6018
u0196,Chandigarh,2022,55.3184
u0196,Chandigarh,2023,53.0434
u0196,Chandigarh,2024,58.7648
u0921,Chandrapur,2010,36.4679
u0921,Chandrapur,2011,40.6106
u0921,Chandrapur,2012,38.2995
u0921,Chandrapur,2013,43.1751
u0921,Chandrapur,2014,41.3773
u0921,Chandrapur,2015,44.8502
u0921,Chandrapur,2016,45.0832
u0921,Chandrapur,2017,41.2755
u0921,Chandrapur,2018,43.0373
u0921,Chandrapur,2019,43.118
u0921,Chandrapur,2020,41.8633
u0921,Chandrapur,2021,45.7001
u0921,Chandrapur,2022,40.6559
u0921,Chandrapur,2023,41.5114
u0921,Chandrapur,2024,40.2618
u1268,Chennai,2010,28.499
u1268,Chennai,2011,29.3332
u1268,Chennai,2012,30.4074
u1268,Chennai,2013,30.2997
u1268,Chennai,2014,33.1745
u1268,Chennai,2015,36.6505
u1268,Chennai,2016,39.857
u1268,Chennai,2017,38.4331
u1268,Chennai,2018,40.3532
u1268,Chennai,2019,32.6506
u1268,Chennai,2020,27.8355
u1268,Chennai,2021,27.2551
u1268,Chennai,2022,28.3026
u1268,Chennai,2023,30.3819
u1268,Chennai,2024,27.9305
u1111,Chitoor,2010,27.724
u1111,Chitoor,2011,28.1959
u1111,Chitoor,2012,28.4144
u1111,Chitoor,2013,27.5114
u1111,Chitoor,2014,29.7113
u1111,Chitoor,2015,29.7059
u1111,Chitoor,2016,35.9972
u1111,Chitoor,2017,33.8231
u1111,Chitoor,2018,34.8388
u1111,Chitoor,2019,30.5606
u1111,Chitoor,2020,26.4211
u1111,Chitoor,2021,28.1472
u1111,Chitoor,2022,28.4515
u1111,Chitoor,2023,26.0291
u1111,Chitoor,2024,26.6168
u1671,Cuttack,2010,37.84
u1671,Cuttack,2011,41.7176
u1671,Cuttack,2012,40.9321
u1671,Cuttack,2013,42.3301
u1671,Cuttack,2014,47.8735
u1671,Cuttack,2015,45.7755
u1671,Cuttack,2016,44.2296
u1671,Cuttack,2017,46.6586
u1671,Cuttack,2018,49.7102
u1671,Cuttack,2019,48.1514
u1671,Cuttack,2020,45.7928
u1671,Cuttack,2021,45.8187
u1671,Cuttack,2022,36.1305
u1671,Cuttack,2023,41.3952
u1671,Cuttack,2024,38.8867
u0314,Dehradun,2010,45.9544
u0314,Dehradun,2011,48.3951
u0314,Dehradun,2012,44.0189
u0314,Dehradun,2013,45.2874
u0314,Dehradun,2014,44.4661
u0314,Dehradun,2015,48.1658
u0314,Dehradun,2016,53.5715
u0314,Dehradun,2017,49.0883
u0314,Dehradun,2018,52.8388
u0314,Dehradun,2019,45.5817
u0314,Dehradun,2020,45.7574
u0314,Dehradun,2021,52.7091
u0314,Dehradun,2022,48.3422
u0314,Dehradun,2023,44.6137
u0314,Dehradun,2024,51.0098
u0290,"Delhi, Faridabad, Ghaziabad, Noida",2010,110.2841
u0290,"Delhi, Faridabad, Ghaziabad, Noida",2011,116.5012
u0290,"Delhi, Faridabad, Ghaziabad, Noida",2012,99.5175
u0290,"Delhi, Faridabad, Ghaziabad, Noida",2013,101.3679
u0290,"Delhi, Faridabad, Ghaziabad, Noida",2014,94.548
u0290,"Delhi, Faridabad, Ghaziabad, Noida",2015,112.1357
u0290,"Delhi, Faridabad, Ghaziabad, Noida",2016,122.6463
u0290,"Delhi, Faridabad, Ghaziabad, Noida",2017,113.8872
u0290,"Delhi, Faridabad, Ghaziabad, Noida",2018,115.0231
u0290,"Delhi, Faridabad, Ghaziabad, Noida",2019,103.0113
u0290,"Delhi, Faridabad, Ghaziabad, Noida",2020,93.6181
u0290,"Delhi, Faridabad, Ghaziabad, Noida",2021,99.4841
u0290,"Delhi, Faridabad, Ghaziabad, Noida",2022,96.5698
u0290,"Delhi, Faridabad, Ghaziabad, Noida",2023,95.3973
u0290,"Delhi, Faridabad, Ghaziabad, Noida",2024,89.0008
u0689,Devanagere,2010,25.0389
u0689,Devanagere,2011,25.5556
u0689,Devanagere,2012,26.2949
u0689,Devanagere,2013,25.1095
u0689,Devanagere,2014,28.8082
u0689,Devanagere,2015,29.663
u0689,Devanagere,2016,29.8201
u0689,Devanagere,2017,29.1321
u0689,Devanagere,2018,29.049
u0689,Devanagere,2019,27.0332
u0689,Devanagere,2020,28.1129
u0689,Devanagere,2021,26.8582
u0689,Devanagere,2022,25.2992
u0689,Devanagere,2023,25.9234
u0689,Devanagere,2024,23.8414
u0433,Dewas,2010,32.8488
u0433,Dewas,2011,36.6311
u0433,Dewas,2012,34.6471
u0433,Dewas,2013,37.7311
u0433,Dewas,2014,37.98
u0433,Dewas,2015,36.6694
u0433,Dewas,2016,39.2435
u0433,Dewas,2017,41.5944
u0433,Dewas,2018,40.4274
u0433,Dewas,2019,42.2333
u0433,Dewas,2020,40.0886
u0433,Dewas,2021,41.9088
u0433,Dewas,2022,38.0931
u0433,Dewas,2023,38.9724
u0433,Dewas,2024,39.2389
u1612,Dhanbad,2010,65.5964
u1612,Dhanbad,2011,76.8045
u1612,Dhanbad,2012,71.617
u1612,Dhanbad,2013,75.9187
u1612,Dhanbad,2014,74.7556
u1612,Dhanbad,2015,85.0735
u1612,Dhanbad,2016,83.6432
u1612,Dhanbad,2017,88.5443
u1612,Dhanbad,2018,77.6814
u1612,Dhanbad,2019,74.9126
u1612,Dhanbad,2020,74.2436
u1612,Dhanbad,2021,77.5267
u1612,Dhanbad,2022,64.0546
u1612,Dhanbad,2023,66.3517
u1612,Dhanbad,2024,66.5864
u1898,Dimapur,2010,35.629
u1898,Dimapur,2011,35.238
u1898,Dimapur,2012,40.1421
u1898,Dimapur,2013,34.5259
u1898,Dimapur,2014,34.9778
u1898,Dimapur,2015,32.4732
u1898,Dimapur,2016,31.5124
u1898,Dimapur,2017,34.8552
u1898,Dimapur,2018,40.2907
u1898,Dimapur,2019,35.3203
u1898,Dimapur,2020,35.7438
u1898,Dimapur,2021,37.446
u1898,Dimapur,2022,30.0821
u1898,Dimapur,2023,29.882
u1898,Dimapur,2024,31.8133
u1698,Durgapur,2010,57.9283
u1698,Durgapur,2011,65.7327
u1698,Durgapur,2012,62.8657
u1698,Durgapur,2013,61.9097
u1698,Durgapur,2014,66.4217
u1698,Durgapur,2015,68.4248
u1698,Durgapur,2016,70.8823
u1698,Durgapur,2017,75.9051
u1698,Durgapur,2018,72.871
u1698,Durgapur,2019,63.1603
u1698,Durgapur,2020,66.5214
u1698,Durgapur,2021,71.7066
u1698,Durgapur,2022,52.6154
u1698,Durgapur,2023,58.4293
u1698,Durgapur,2024,57.5312
u1302,Eluru,2010,29.0385
u1302,Eluru,2011,32.0463
u1302,Eluru,2012,30.0998
u1302,Eluru,2013,31.2974
u1302,Eluru,2014,36.1475
u1302,Eluru,2015,32.1445
u1302,Eluru,2016,32.2888
u1302,Eluru,2017,39.9641
u1302,Eluru,2018,36.4044
u1302,Eluru,2019,32.6593
u1302,Eluru,2020,31.4842
u1302,Eluru,2021,33.1307
u1302,Eluru,2022,29.3698
u1302,Eluru,2023,34.0882
u1302,Eluru,2024,28.7626
u0509,Firozabad,2010,74.9138
u0509,Firozabad,2011,79.5395
u0509,Firozabad,2012,73.9953
u0509,Firozabad,2013,74.4969
u0509,Firozabad,2014,70.6095
u0509,Firozabad,2015,80.8639
u0509,Firozabad,2016,86.6477
u0509,Firozabad,2017,89.149
u0509,Firozabad,2018,80.7008
u0509,Firozabad,2019,79.7967
u0509,Firozabad,2020,75.1957
u0509,Firozabad,2021,79.6916
u0509,Firozabad,2022,67.1207
u0509,Firozabad,2023,63.6585
u0509,Firozabad,2024,62.484
u0411,Gajraula,2010,79.1483
u0411,Gajraula,2011,84.7991
u0411,Gajraula,2012,68.3924
u0411,Gajraula,2013,77.2228
u0411,Gajraula,2014,71.4174
u0411,Gajraula,2015,82.335
u0411,Gajraula,2016,90.0784
u0411,Gajraula,2017,80.3655
u0411,Gajraula,2018,77.5009
u0411,Gajraula,2019,65.8115
u0411,Gajraula,2020,63.1054
u0411,Gajraula,2021,70.1152
u0411,Gajraula,2022,69.2148
u0411,Gajraula,2023,57.5989
u0411,Gajraula,2024,57.12
u1437,Gaya,2010,58.6645
u1437,Gaya,2011,68.9229
u1437,Gaya,2012,63.6783
u1437,Gaya,2013,68.8526
u1437,Gaya,2014,67.2115
u1437,Gaya,2015,74.5207
u1437,Gaya,2016,81.3824
u1437,Gaya,2017,87.645
u1437,Gaya,2018,76.1353
u1437,Gaya,2019,73.3333
u1437,Gaya,2020,56.5925
u1437,Gaya,2021,60.8398
u1437,Gaya,2022,64.6172
u1437,Gaya,2023,60.1202
u1437,Gaya,2024,51.2701
u0167,Gobindgarh,2010,67.7199
u0167,Gobindgarh,2011,69.7741
u0167,Gobindgarh,2012,64.0378
u0167,Gobindgarh,2013,66.3777
u0167,Gobindgarh,2014,63.0772
u0167,Gobindgarh,2015,69.5616
u0167,Gobindgarh,2016,78.284
u0167,Gobindgarh,2017,70.8082
u0167,Gobindgarh,2018,69.9637
u0167,Gobindgarh,2019,66.5027
u0167,Gobindgarh,2020,65.5868
u0167,Gobindgarh,2021,70.8723
u0167,Gobindgarh,2022,68.044
u0167,Gobindgarh,2023,60.9629
u0167,Gobindgarh,2024,70.4992
u1102,Gorakhpur,2010,74.9244
u1102,Gorakhpur,2011,84.1789
u1102,Gorakhpur,2012,82.8689
u1102,Gorakhpur,2013,78.5667
u1102,Gorakhpur,2014,72.9404
u1102,Gorakhpur,2015,90.8519
u1102,Gorakhpur,2016,97.3117
u1102,Gorakhpur,2017,92.4901
u1102,Gorakhpur,2018,83.7011
u1102,Gorakhpur,2019,80.2276
u1102,Gorakhpur,2020,66.1366
u1102,Gorakhpur,2021,76.0443
u1102,Gorakhpur,2022,77.5695
u1102,Gorakhpur,2023,66.572
u1102,Gorakhpur,2024,57.8784
u0715,Gulburga,2010,29.9008
u0715,Gulburga,2011,30.5448
u0715,Gulburga,2012,29.2707
u0715,Gulburga,2013,30.6761
u0715,Gulburga,2014,34.2806
u0715,Gulburga,2015,34.5198
u0715,Gulburga,2016,36.9805
u0715,Gulburga,2017,36.0553
u0715,Gulburga,2018,36.5792
u0715,Gulburga,2019,32.1315
u0715,Gulburga,2020,32.8538
u0715,Gulburga,2021,34.5457
u0715,Gulburga,2022,33.086
u0715,Gulburga,2023,33.7062
u0715,Gulburga,2024,29.2252
u1206,Guntur,2010,27.524
u1206,Guntur,2011,28.9249
u1206,Guntur,2012,28.036
u1206,Guntur,2013,28.33
u1206,Guntur,2014,33.3292
u1206,Guntur,2015,28.9448
u1206,Guntur,2016,27.7549
u1206,Guntur,2017,36.6926
u1206,Guntur,2018,33.5518
u1206,Guntur,2019,31.0124
u1206,Guntur,2020,30.0205
u1206,Guntur,2021,31.0965
u1206,Guntur,2022,27.5317
u1206,Guntur,2023,30.6875
u1206,Guntur,2024,25.9865
u1859,Guwahati,2010,60.2583
u1859,Guwahati,2011,63.1971
u1859,Guwahati,2012,71.168
u1859,Guwahati,2013,60.1166
u1859,Guwahati,2014,62.1693
u1859,Guwahati,2015,58.1056
u1859,Guwahati,2016,56.397
u1859,Guwahati,2017,61.1585
u1859,Guwahati,2018,70.5349
u1859,Guwahati,2019,62.4616
u1859,Guwahati,2020,63.1767
u1859,Guwahati,2021,65.167
u1859,Guwahati,2022,52.207
u1859,Guwahati,2023,57.0049
u1859,Guwahati,2024,54.7364
u0528,Gwalior,2010,82.6674
u0528,Gwalior,2011,88.8188
u0528,Gwalior,2012,86.8894
u0528,Gwalior,2013,86.2082
u0528,Gwalior,2014,83.2497
u0528,Gwalior,2015,102.2851
u0528,Gwalior,2016,110.0153
u0528,Gwalior,2017,109.2983
u0528,Gwalior,2018,93.838
u0528,Gwalior,2019,91.3148
u0528,Gwalior,2020,83.1982
u0528,Gwalior,2021,80.4529
u0528,Gwalior,2022,76.8292
u0528,Gwalior,2023,72.5413
u0528,Gwalior,2024,67.8713
u1803,Haldia,2010,43.736
u1803,Haldia,2011,47.7144
u1803,Haldia,2012,51.9827
u1803,Haldia,2013,50.2855
u1803,Haldia,2014,57.1875
u1803,Haldia,2015,56.409
u1803,Haldia,2016,55.9026
u1803,Haldia,2017,57.8936
u1803,Haldia,2018,58.8561
u1803,Haldia,2019,54.8134
u1803,Haldia,2020,46.6359
u1803,Haldia,2021,50.6939
u1803,Haldia,2022,41.3532
u1803,Haldia,2023,45.5045
u1803,Haldia,2024,40.7947
u0001,Hubli-Dharwad,2010,28.839
u0001,Hubli-Dharwad,2011,28.2322
u0001,Hubli-Dharwad,2012,29.6398
u0001,Hubli-Dharwad,2013,27.9912
u0001,Hubli-Dharwad,2014,33.1613
u0001,Hubli-Dharwad,2015,33.2119
u0001,Hubli-Dharwad,2016,35.5282
u0001,Hubli-Dharwad,2017,36.6043
u0001,Hubli-Dharwad,2018,34.7893
u0001,Hubli-Dharwad,2019,32.4459
u0001,Hubli-Dharwad,2020,32.4222
u0001,Hubli-Dharwad,2021,32.6623
u0001,Hubli-Dharwad,2022,30.7891
u0001,Hubli-Dharwad,2023,30.0107
u0001,Hubli-Dharwad,2024,28.5352
u0882,Hyderabad,2010,35.6315
u0882,Hyderabad,2011,35.1364
u0882,Hyderabad,2012,35.2338
u0882,Hyderabad,2013,36.8081
u0882,Hyderabad,2014,39.5097
u0882,Hyderabad,2015,42.2258
u0882,Hyderabad,2016,44.2411
u0882,Hyderabad,2017,43.045
u0882,Hyderabad,2018,42.5454
u0882,Hyderabad,2019,39.6445
u0882,Hyderabad,2020,36.6766
u0882,Hyderabad,2021,41.1628
u0882,Hyderabad,2022,38.1303
u0882,Hyderabad,2023,38.9382
u0882,Hyderabad,2024,33.6741
u0415,Indore,2010,23.3777
u0415,Indore,2011,25.3071
u0415,Indore,2012,25.2851
u0415,Indore,2013,27.3364
u0415,Indore,2014,27.6996
u0415,Indore,2015,27.2348
u0415,Indore,2016,30.8421
u0415,Indore,2017,30.5396
u0415,Indore,2018,30.486
u0415,Indore,2019,29.8437
u0415,Indore,2020,29.1013
u0415,Indore,2021,31.9459
u0415,Indore,2022,28.4359
u0415,Indore,2023,28.6973
u0415,Indore,2024,29.8871
u0854,Jabalpur,2010,40.3526
u0854,Jabalpur,2011,46.3983
u0854,Jabalpur,2012,44.6807
u0854,Jabalpur,2013,48.289
u0854,Jabalpur,2014,46.215
u0854,Jabalpur,2015,48.2141
u0854,Jabalpur,2016,55.6806
u0854,Jabalpur,2017,52.1541
u0854,Jabalpur,2018,52.0276
u0854,Jabalpur,2019,49.3514
u0854,Jabalpur,2020,45.0883
u0854,Jabalpur,2021,49.2274
u0854,Jabalpur,2022,49.0967
u0854,Jabalpur,2023,46.3345
u0854,Jabalpur,2024,45.6808
u0251,Jaipur,2010,62.3315
u0251,Jaipur,2011,59.2871
u0251,Jaipur,2012,58.8401
u0251,Jaipur,2013,60.6009
u0251,Jaipur,2014,57.9253
u0251,Jaipur,2015,58.889
u0251,Jaipur,2016,78.1486
u0251,Jaipur,2017,71.2271
u0251,Jaipur,2018,68.8464
u0251,Jaipur,2019,65.2242
u0251,Jaipur,2020,59.4565
u0251,Jaipur,2021,67.5065
u0251,Jaipur,2022,54.4076
u0251,Jaipur,2023,58.415
u0251,Jaipur,2024,57.7743
u0104,Jalandhar,2010,70.246
u0104,Jalandhar,2011,74.5792
u0104,Jalandhar,2012,65.5383
u0104,Jalandhar,2013,72.5612
u0104,Jalandhar,2014,63.8871
u0104,Jalandhar,2015,71.3304
u0104,Jalandhar,2016,79.8692
u0104,Jalandhar,2017,67.9683
u0104,Jalandhar,2018,72.9821
u0104,Jalandhar,2019,64.988
u0104,Jalandhar,2020,66.352
u0104,Jalandhar,2021,71.9354
u0104,Jalandhar,2022,69.3042
u0104,Jalandhar,2023,68.7173
u0104,Jalandhar,2024,72.5682
u0450,Jalgaon,2010,39.9207
u0450,Jalgaon,2011,40.9997
u0450,Jalgaon,2012,40.4998
u0450,Jalgaon,2013,44.6429
u0450,Jalgaon,2014,41.8321
u0450,Jalgaon,2015,50.109
u0450,Jalgaon,2016,46.7843
u0450,Jalgaon,2017,48.6165
u0450,Jalgaon,2018,47.0487
u0450,Jalgaon,2019,49.1665
u0450,Jalgaon,2020,46.5022
u0450,Jalgaon,2021,49.2283
u0450,Jalgaon,2022,44.7434
u0450,Jalgaon,2023,45.2678
u0450,Jalgaon,2024,40.489
u0527,Jalna,2010,37.0984
u0527,Jalna,2011,39.7388
u0527,Jalna,2012,38.1508
u0527,Jalna,2013,41.176
u0527,Jalna,2014,41.0489
u0527,Jalna,2015,46.4459
u0527,Jalna,2016,44.483
u0527,Jalna,2017,46.7211
u0527,Jalna,2018,45.5967
u0527,Jalna,2019,45.803
u0527,Jalna,2020,41.6644
u0527,Jalna,2021,47.0246
u0527,Jalna,2022,44.9564
u0527,Jalna,2023,43.9177
u0527,Jalna,2024,40.1859
u0039,Jammu,2010,34.1899
u0039,Jammu,2011,33.06
u0039,Jammu,2012,34.207
u0039,Jammu,2013,36.4434
u0039,Jammu,2014,37.3917
u0039,Jammu,2015,36.5288
u0039,Jammu,2016,41.7298
u0039,Jammu,2017,37.2375
u0039,Jammu,2018,40.6045
u0039,Jammu,2019,36.7928
u0039,Jammu,2020,36.7207
u0039,Jammu,2021,40.9592
u0039,Jammu,2022,38.8054
u0039,Jammu,2023,36.7401
u0039,Jammu,2024,43.157
u1629,Jamshedpur,2010,62.9849
u1629,Jamshedpur,2011,72.8021
u1629,Jamshedpur,2012,68.8915
u1629,Jamshedpur,2013,70.0031
u1629,Jamshedpur,2014,72.0603
u1629,Jamshedpur,2015,74.4213
u1629,Jamshedpur,2016,78.897
u1629,Jamshedpur,2017,82.2971
u1629,Jamshedpur,2018,71.7591
u1629,Jamshedpur,2019,74.0526
u1629,Jamshedpur,2020,71.5735
u1629,Jamshedpur,2021,77.2241
u1629,Jamshedpur,2022,57.1611
u1629,Jamshedpur,2023,65.0709
u1629,Jamshedpur,2024,64.2015
u0604,Jhansi,2010,61.1837
u0604,Jhansi,2011,62.6538
u0604,Jhansi,2012,61.7502
u0604,Jhansi,2013,62.3196
u0604,Jhansi,2014,61.3962
u0604,Jhansi,2015,66.2801
u0604,Jhansi,2016,72.4655
u0604,Jhansi,2017,76.1669
u0604,Jhansi,2018,66.7986
u0604,Jhansi,2019,67.2945
u0604,Jhansi,2020,58.185
u0604,Jhansi,2021,59.1688
u0604,Jhansi,2022,51.7238
u0604,Jhansi,2023,57.3728
u0604,Jhansi,2024,51.9295
u0090,Jodhpur,2010,54.8851
u0090,Jodhpur,2011,50.7256
u0090,Jodhpur,2012,53.6795
u0090,Jodhpur,2013,54.197
u0090,Jodhpur,2014,53.9898
u0090,Jodhpur,2015,57.9845
u0090,Jodhpur,2016,58.2427
u0090,Jodhpur,2017,58.2907
u0090,Jodhpur,2018,65.1585
u0090,Jodhpur,2019,55.6394
u0090,Jodhpur,2020,49.7802
u0090,Jodhpur,2021,54.3528
u0090,Jodhpur,2022,52.1484
u0090,Jodhpur,2023,52.7323
u0090,Jodhpur,2024,49.9322
u1050,Kadapa,2010,31.9186
u1050,Kadapa,2011,31.5964
u1050,Kadapa,2012,30.4138
u1050,Kadapa,2013,31.3157
u1050,Kadapa,2014,33.4842
u1050,Kadapa,2015,34.0485
u1050,Kadapa,2016,36.3078
u1050,Kadapa,2017,36.4948
u1050,Kadapa,2018,36.8982
u1050,Kadapa,2019,33.8886
u1050,Kadapa,2020,30.5545
u1050,Kadapa,2021,32.8755
u1050,Kadapa,2022,33.5347
u1050,Kadapa,2023,31.8037
u1050,Kadapa,2024,30.1718
u0745,Kanpur,2010,76.7718
u0745,Kanpur,2011,81.4244
u0745,Kanpur,2012,74.3227
u0745,Kanpur,2013,79.0426
u0745,Kanpur,2014,74.0509
u0745,Kanpur,2015,83.0124
u0745,Kanpur,2016,98.8256
u0745,Kanpur,2017,96.5336
u0745,Kanpur,2018,84.454
u0745,Kanpur,2019,85.3778
u0745,Kanpur,2020,77.8541
u0745,Kanpur,2021,76.2983
u0745,Kanpur,2022,75.0736
u0745,Kanpur,2023,70.2357
u0745,Kanpur,2024,61.7688
u0469,Kashipur,2010,52.3795
u0469,Kashipur,2011,57.6767
u0469,Kashipur,2012,54.8788
u0469,Kashipur,2013,55.7917
u0469,Kashipur,2014,50.6346
u0469,Kashipur,2015,55.4337
u0469,Kashipur,2016,61.1417
u0469,Kashipur,2017,55.07
u0469,Kashipur,2018,60.0513
u0469,Kashipur,2019,55.1543
u0469,Kashipur,2020,54.704
u0469,Kashipur,2021,60.1679
u0469,Kashipur,2022,50.8668
u0469,Kashipur,2023,42.6469
u0469,Kashipur,2024,49.9191
u0161,Khanna,2010,68.1044
u0161,Khanna,2011,70.1213
u0161,Khanna,2012,64.3029
u0161,Khanna,2013,66.1917
u0161,Khanna,2014,64.6012
u0161,Khanna,2015,70.587
u0161,Khanna,2016,79.384
u0161,Khanna,2017,71.343
u0161,Khanna,2018,70.0446
u0161,Khanna,2019,65.153
u0161,Khanna,2020,64.7557
u0161,Khanna,2021,69.217
u0161,Khanna,2022,66.305
u0161,Khanna,2023,60.1989
u0161,Khanna,2024,68.9659
u0398,Khurja,2010,92.2449
u0398,Khurja,2011,97.003
u0398,Khurja,2012,92.3192
u0398,Khurja,2013,89.3927
u0398,Khurja,2014,84.3143
u0398,Khurja,2015,102.67
u0398,Khurja,2016,111.8423
u0398,Khurja,2017,103.7262
u0398,Khurja,2018,100.1605
u0398,Khurja,2019,89.001
u0398,Khurja,2020,84.2665
u0398,Khurja,2021,89.141
u0398,Khurja,2022,83.2064
u0398,Khurja,2023,76.0269
u0398,Khurja,2024,75.6415
u0434,Kolhapur,2010,35.776
u0434,Kolhapur,2011,36.4954
u0434,Kolhapur,2012,36.0878
u0434,Kolhapur,2013,33.9512
u0434,Kolhapur,2014,38.6151
u0434,Kolhapur,2015,40.0243
u0434,Kolhapur,2016,40.7374
u0434,Kolhapur,2017,42.6439
u0434,Kolhapur,2018,42.0171
u0434,Kolhapur,2019,37.7507
u0434,Kolhapur,2020,40.5608
u0434,Kolhapur,2021,41.4324
u0434,Kolhapur,2022,37.062
u0434,Kolhapur,2023,38.4297
u0434,Kolhapur,2024,38.4593
u1281,Korba,2010,31.1461
u1281,Korba,2011,37.1466
u1281,Korba,2012,33.4261
u1281,Korba,2013,37.167
u1281,Korba,2014,36.134
u1281,Korba,2015,37.5334
u1281,Korba,2016,38.1936
u1281,Korba,2017,35.6882
u1281,Korba,2018,39.1566
u1281,Korba,2019,39.4796
u1281,Korba,2020,38.0774
u1281,Korba,2021,37.2827
u1281,Korba,2022,35.9125
u1281,Korba,2023,33.8571
u1281,Korba,2024,36.3859
u0333,Kota,2010,51.9168
u0333,Kota,2011,53.9162
u0333,Kota,2012,56.3164
u0333,Kota,2013,56.3254
u0333,Kota,2014,55.6018
u0333,Kota,2015,55.3519
u0333,Kota,2016,69.9969
u0333,Kota,2017,63.216
u0333,Kota,2018,59.7845
u0333,Kota,2019,56.1804
u0333,Kota,2020,50.8415
u0333,Kota,2021,59.5827
u0333,Kota,2022,53.1651
u0333,Kota,2023,55.4564
u0333,Kota,2024,54.5428
u0903,Kurnool,2010,30.5431
u0903,Kurnool,2011,28.6842
u0903,Kurnool,2012,28.5065
u0903,Kurnool,2013,29.4247
u0903,Kurnool,2014,33.0348
u0903,Kurnool,2015,32.0966
u0903,Kurnool,2016,33.2933
u0903,Kurnool,2017,33.7642
u0903,Kurnool,2018,34.2392
u0903,Kurnool,2019,30.637
u0903,Kurnool,2020,30.3593
u0903,Kurnool,2021,31.155
u0903,Kurnool,2022,29.4377
u0903,Kurnool,2023,30.144
u0903,Kurnool,2024,26.3916
u0645,Latur,2010,34.3561
u0645,Latur,2011,34.9817
u0645,Latur,2012,33.444
u0645,Latur,2013,35.7541
u0645,Latur,2014,36.2815
u0645,Latur,2015,39.7861
u0645,Latur,2016,39.6051
u0645,Latur,2017,38.4998
u0645,Latur,2018,39.3271
u0645,Latur,2019,37.0926
u0645,Latur,2020,34.7817
u0645,Latur,2021,39.948
u0645,Latur,2022,39.3493
u0645,Latur,2023,36.2071
u0645,Latur,2024,34.4656
u0795,Lucknow,2010,78.251
u0795,Lucknow,2011,85.4687
u0795,Lucknow,2012,76.2355
u0795,Lucknow,2013,81.3341
u0795,Lucknow,2014,70.8806
u0795,Lucknow,2015,88.2324
u0795,Lucknow,2016,102.3568
u0795,Lucknow,2017,98.1796
u0795,Lucknow,2018,86.0123
u0795,Lucknow,2019,83.333
u0795,Lucknow,2020,73.1033
u0795,Lucknow,2021,76.0541
u0795,Lucknow,2022,80.8764
u0795,Lucknow,2023,70.5169
u0795,Lucknow,2024,63.7915
u0134,Ludhiana,2010,76.1097
u0134,Ludhiana,2011,79.4575
u0134,Ludhiana,2012,71.6755
u0134,Ludhiana,2013,76.5122
u0134,Ludhiana,2014,71.5374
u0134,Ludhiana,2015,79.8794
u0134,Ludhiana,2016,88.6963
u0134,Ludhiana,2017,80.4542
u0134,Ludhiana,2018,83.5094
u0134,Ludhiana,2019,76.8505
u0134,Ludhiana,2020,77.2226
u0134,Ludhiana,2021,84.633
u0134,Ludhiana,2022,79.6674
u0134,Ludhiana,2023,78.7817
u0134,Ludhiana,2024,86.9027
u1058,Madurai,2010,28.7203
u1058,Madurai,2011,29.6312
u1058,Madurai,2012,27.8433
u1058,Madurai,2013,25.9019
u1058,Madurai,2014,28.4252
u1058,Madurai,2015,26.0712
u1058,Madurai,2016,32.743
u1058,Madurai,2017,31.3824
u1058,Madurai,2018,34.2996
u1058,Madurai,2019,29.7819
u1058,Madurai,2020,27.6042
u1058,Madurai,2021,30.791
u1058,Madurai,2022,30.095
u1058,Madurai,2023,26.9321
u1058,Madurai,2024,28.2332
u0345,Meerut,2010,96.9816
u0345,Meerut,2011,103.0904
u0345,Meerut,2012,85.1714
u0345,Meerut,2013,89.5501
u0345,Meerut,2014,79.1545
u0345,Meerut,2015,95.5656
u0345,Meerut,2016,105.1856
u0345,Meerut,2017,91.9652
u0345,Meerut,2018,93.0467
u0345,Meerut,2019,79.2517
u0345,Meerut,2020,77.9201
u0345,Meerut,2021,80.8005
u0345,Meerut,2022,82.5279
u0345,Meerut,2023,71.6844
u0345,Meerut,2024,65.8539
u0459,Moradabad,2010,73.7364
u0459,Moradabad,2011,81.3427
u0459,Moradabad,2012,69.8517
u0459,Moradabad,2013,76.9833
u0459,Moradabad,2014,69.9843
u0459,Moradabad,2015,81.8032
u0459,Moradabad,2016,86.4195
u0459,Moradabad,2017,76.5838
u0459,Moradabad,2018,78.1529
u0459,Moradabad,2019,70.4462
u0459,Moradabad,2020,65.8623
u0459,Moradabad,2021,69.8504
u0459,Moradabad,2022,67.5114
u0459,Moradabad,2023,53.8449
u0459,Moradabad,2024,59.8619
u0240,"Mumbai, Navi Mumbai, Thane",2010,44.8137
u0240,"Mumbai, Navi Mumbai, Thane",2011,47.1109
u0240,"Mumbai, Navi Mumbai, Thane",2012,48.8899
u0240,"Mumbai, Navi Mumbai, Thane",2013,47.8794
u0240,"Mumbai, Navi Mumbai, Thane",2014,49.0409
u0240,"Mumbai, Navi Mumbai, Thane",2015,70.6566
u0240,"Mumbai, Navi Mumbai, Thane",2016,63.67
u0240,"Mumbai, Navi Mumbai, Thane",2017,59.5503
u0240,"Mumbai, Navi Mumbai, Thane",2018,55.3272
u0240,"Mumbai, Navi Mumbai, Thane",2019,54.503
u0240,"Mumbai, Navi Mumbai, Thane",2020,44.7617
u0240,"Mumbai, Navi Mumbai, Thane",2021,44.666
u0240,"Mumbai, Navi Mumbai, Thane",2022,45.2387
u0240,"Mumbai, Navi Mumbai, Thane",2023,45.5889
u0240,"Mumbai, Navi Mumbai, Thane",2024,36.9657
u1404,Muzaffarpur,2010,91.8543
u1404,Muzaffarpur,2011,104.7954
u1404,Muzaffarpur,2012,111.0604
u1404,Muzaffarpur,2013,104.887
u1404,Muzaffarpur,2014,108.7728
u1404,Muzaffarpur,2015,124.4881
u1404,Muzaffarpur,2016,128.4298
u1404,Muzaffarpur,2017,121.3947
u1404,Muzaffarpur,2018,115.4211
u1404,Muzaffarpur,2019,102.1804
u1404,Muzaffarpur,2020,77.1689
u1404,Muzaffarpur,2021,84.9344
u1404,Muzaffarpur,2022,86.9038
u1404,Muzaffarpur,2023,76.8196
u1404,Muzaffarpur,2024,66.9051
u1871,Nagaon,2010,34.4289
u1871,Nagaon,2011,35.4258
u1871,Nagaon,2012,43.3362
u1871,Nagaon,2013,35.8146
u1871,Nagaon,2014,37.3705
u1871,Nagaon,2015,35.6541
u1871,Nagaon,2016,33.8691
u1871,Nagaon,2017,35.8607
u1871,Nagaon,2018,39.988
u1871,Nagaon,2019,37.067
u1871,Nagaon,2020,40.0768
u1871,Nagaon,2021,39.2916
u1871,Nagaon,2022,27.5268
u1871,Nagaon,2023,31.3864
u1871,Nagaon,2024,29.8311
u0827,Nagpur,2010,40.6988
u0827,Nagpur,2011,44.774
u0827,Nagpur,2012,41.3991
u0827,Nagpur,2013,46.6614
u0827,Nagpur,2014,45.7355
u0827,Nagpur,2015,51.0751
u0827,Nagpur,2016,51.6743
u0827,Nagpur,2017,49.6694
u0827,Nagpur,2018,51.478
u0827,Nagpur,2019,50.3192
u0827,Nagpur,2020,45.4611
u0827,Nagpur,2021,50.5384
u0827,Nagpur,2022,46.927
u0827,Nagpur,2023,49.4622
u0827,Nagpur,2024,50.4179
u0190,Nalagarh,2010,42.3788
u0190,Nalagarh,2011,42.3653
u0190,Nalagarh,2012,40.6238
u0190,Nalagarh,2013,41.6658
u0190,Nalagarh,2014,40.2795
u0190,Nalagarh,2015,42.4782
u0190,Nalagarh,2016,50.0294
u0190,Nalagarh,2017,46.1301
u0190,Nalagarh,2018,46.3946
u0190,Nalagarh,2019,43.6801
u0190,Nalagarh,2020,44.5675
u0190,Nalagarh,2021,45.8922
u0190,Nalagarh,2022,45.1704
u0190,Nalagarh,2023,43.5149
u0190,Nalagarh,2024,48.126
u1853,Nalbari,2010,39.3576
u1853,Nalbari,2011,44.3153
u1853,Nalbari,2012,48.845
u1853,Nalbari,2013,42.4218
u1853,Nalbari,2014,43.5746
u1853,Nalbari,2015,43.3084
u1853,Nalbari,2016,40.2899
u1853,Nalbari,2017,43.9581
u1853,Nalbari,2018,48.5526
u1853,Nalbari,2019,42.9692
u1853,Nalbari,2020,44.1123
u1853,Nalbari,2021,45.718
u1853,Nalbari,2022,34.6935
u1853,Nalbari,2023,35.2854
u1853,Nalbari,2024,33.1928
u1027,Nalgonda,2010,33.0423
u1027,Nalgonda,2011,31.09
u1027,Nalgonda,2012,29.5074
u1027,Nalgonda,2013,31.7327
u1027,Nalgonda,2014,33.6426
u1027,Nalgonda,2015,33.6526
u1027,Nalgonda,2016,33.6634
u1027,Nalgonda,2017,35.2808
u1027,Nalgonda,2018,34.3544
u1027,Nalgonda,2019,33.735
u1027,Nalgonda,2020,32.3195
u1027,Nalgonda,2021,34.9304
u1027,Nalgonda,2022,31.6206
u1027,Nalgonda,2023,32.6731
u1027,Nalgonda,2024,29.468
u0297,Nashik,2010,35.6629
u0297,Nashik,2011,35.9385
u0297,Nashik,2012,36.5909
u0297,Nashik,2013,39.4306
u0297,Nashik,2014,37.8958
u0297,Nashik,2015,41.6407
u0297,Nashik,2016,42.2668
u0297,Nashik,2017,42.4297
u0297,Nashik,2018,42.3161
u0297,Nashik,2019,39.6063
u0297,Nashik,2020,37.0615
u0297,Nashik,2021,42.3257
u0297,Nashik,2022,41.9194
u0297,Nashik,2023,37.9693
u0297,Nashik,2024,37.0128
u1207,Nellore,2010,28.8575
u1207,Nellore,2011,28.7582
u1207,Nellore,2012,29.4803
u1207,Nellore,2013,29.9053
u1207,Nellore,2014,32.7763
u1207,Nellore,2015,30.8383
u1207,Nellore,2016,34.1514
u1207,Nellore,2017,36.1302
u1207,Nellore,2018,36.2616
u1207,Nellore,2019,30.8825
u1207,Nellore,2020,27.7645
u1207,Nellore,2021,29.2455
u1207,Nellore,2022,27.4175
u1207,Nellore,2023,30.1893
u1207,Nellore,2024,26.9112
u1170,Ongole,2010,27.0507
u1170,Ongole,2011,26.0375
u1170,Ongole,2012,27.0411
u1170,Ongole,2013,27.9855
u1170,Ongole,2014,30.9066
u1170,Ongole,2015,28.6414
u1170,Ongole,2016,28.2006
u1170,Ongole,2017,33.1122
u1170,Ongole,2018,32.1508
u1170,Ongole,2019,27.8184
u1170,Ongole,2020,27.0057
u1170,Ongole,2021,29.1092
u1170,Ongole,2022,26.8366
u1170,Ongole,2023,29.2859
u1170,Ongole,2024,24.8774
u0282,Paonta Sahib,2010,42.4678
u0282,Paonta Sahib,2011,46.939
u0282,Paonta Sahib,2012,42.2071
u0282,Paonta Sahib,2013,44.6554
u0282,Paonta Sahib,2014,44.6372
u0282,Paonta Sahib,2015,47.5528
u0282,Paonta Sahib,2016,52.5668
u0282,Paonta Sahib,2017,47.1429
u0282,Paonta Sahib,2018,49.686
u0282,Paonta Sahib,2019,44.5368
u0282,Paonta Sahib,2020,46.8689
u0282,Paonta Sahib,2021,50.4004
u0282,Paonta Sahib,2022,47.8837
u0282,Paonta Sahib,2023,45.1747
u0282,Paonta Sahib,2024,51.0218
u0084,Pathankot/Dera Baba,2010,31.3293
u0084,Pathankot/Dera Baba,2011,32.4285
u0084,Pathankot/Dera Baba,2012,31.4884
u0084,Pathankot/Dera Baba,2013,34.9219
u0084,Pathankot/Dera Baba,2014,32.3796
u0084,Pathankot/Dera Baba,2015,33.934
u0084,Pathankot/Dera Baba,2016,37.724
u0084,Pathankot/Dera Baba,2017,33.0332
u0084,Pathankot/Dera Baba,2018,36.4235
u0084,Pathankot/Dera Baba,2019,33.3013
u0084,Pathankot/Dera Baba,2020,35.7639
u0084,Pathankot/Dera Baba,2021,37.1914
u0084,Pathankot/Dera Baba,2022,36.2771
u0084,Pathankot/Dera Baba,2023,35.6093
u0084,Pathankot/Dera Baba,2024,41.5542
u0188,Patiala,2010,60.7825
u0188,Patiala,2011,60.811
u0188,Patiala,2012,55.4738
u0188,Patiala,2013,58.4509
u0188,Patiala,2014,54.7434
u0188,Patiala,2015,61.2481
u0188,Patiala,2016,70.0907
u0188,Patiala,2017,60.8293
u0188,Patiala,2018,63.5273
u0188,Patiala,2019,54.6483
u0188,Patiala,2020,54.035
u0188,Patiala,2021,59.4271
u0188,Patiala,2022,58.5797
u0188,Patiala,2023,50.5614
u0188,Patiala,2024,55.6592
u1409,Patna,2010,79.5423
u1409,Patna,2011,91.0369
u1409,Patna,2012,91.4284
u1409,Patna,2013,92.9011
u1409,Patna,2014,91.3204
u1409,Patna,2015,104.0959
u1409,Patna,2016,118.2067
u1409,Patna,2017,107.0849
u1409,Patna,2018,100.705
u1409,Patna,2019,85.8878
u1409,Patna,2020,76.3758
u1409,Patna,2021,83.3709
u1409,Patna,2022,86.2551
u1409,Patna,2023,77.2166
u1409,Patna,2024,71.2704
u0337,Pune,2010,44.3974
u0337,Pune,2011,46.9817
u0337,Pune,2012,46.7088
u0337,Pune,2013,46.8689
u0337,Pune,2014,48.0046
u0337,Pune,2015,64.5767
u0337,Pune,2016,57.2403
u0337,Pune,2017,55.4197
u0337,Pune,2018,51.7597
u0337,Pune,2019,50.1316
u0337,Pune,2020,47.8283
u0337,Pune,2021,48.7475
u0337,Pune,2022,50.3559
u0337,Pune,2023,51.8611
u0337,Pune,2024,40.5181
u0871,Raebareli,2010,72.4899
u0871,Raebareli,2011,81.2237
u0871,Raebareli,2012,69.4534
u0871,Raebareli,2013,71.5749
u0871,Raebareli,2014,65.428
u0871,Raebareli,2015,74.8065
u0871,Raebareli,2016,90.9228
u0871,Raebareli,2017,87.9063
u0871,Raebareli,2018,74.1354
u0871,Raebareli,2019,84.4996
u0871,Raebareli,2020,71.9715
u0871,Raebareli,2021,75.2005
u0871,Raebareli,2022,74.6364
u0871,Raebareli,2023,68.0798
u0871,Raebareli,2024,62.6362
u1155,Raipur,2010,51.1788
u1155,Raipur,2011,58.1805
u1155,Raipur,2012,53.7082
u1155,Raipur,2013,57.3835
u1155,Raipur,2014,54.8665
u1155,Raipur,2015,57.6587
u1155,Raipur,2016,63.8384
u1155,Raipur,2017,52.1143
u1155,Raipur,2018,56.4983
u1155,Raipur,2019,57.7165
u1155,Raipur,2020,55.4301
u1155,Raipur,2021,59.5698
u1155,Raipur,2022,56.8932
u1155,Raipur,2023,59.1994
u1155,Raipur,2024,55.0077
u1378,Rajahmundry,2010,29.7655
u1378,Rajahmundry,2011,31.4424
u1378,Rajahmundry,2012,30.8786
u1378,Rajahmundry,2013,32.2098
u1378,Rajahmundry,2014,36.0707
u1378,Rajahmundry,2015,32.4935
u1378,Rajahmundry,2016,33.0044
u1378,Rajahmundry,2017,38.9189
u1378,Rajahmundry,2018,36.9498
u1378,Rajahmundry,2019,34.1717
u1378,Rajahmundry,2020,32.5125
u1378,Rajahmundry,2021,33.3627
u1378,Rajahmundry,2022,30.8996
u1378,Rajahmundry,2023,35.1448
u1378,Rajahmundry,2024,29.9621
u0048,Rajkot,2010,41.4505
u0048,Rajkot,2011,41.3196
u0048,Rajkot,2012,44.9618
u0048,Rajkot,2013,47.9932
u0048,Rajkot,2014,45.367
u0048,Rajkot,2015,50.7081
u0048,Rajkot,2016,45.9138
u0048,Rajkot,2017,46.5938
u0048,Rajkot,2018,52.9813
u0048,Rajkot,2019,50.2351
u0048,Rajkot,2020,48.2505
u0048,Rajkot,2021,50.8195
u0048,Rajkot,2022,49.3927
u0048,Rajkot,2023,46.6433
u0048,Rajkot,2024,47.4559
u1530,Ranchi,2010,43.2285
u1530,Ranchi,2011,54.8685
u1530,Ranchi,2012,51.4333
u1530,Ranchi,2013,55.4174
u1530,Ranchi,2014,52.6523
u1530,Ranchi,2015,59.8526
u1530,Ranchi,2016,60.756
u1530,Ranchi,2017,59.5609
u1530,Ranchi,2018,54.856
u1530,Ranchi,2019,57.6474
u1530,Ranchi,2020,56.4734
u1530,Ranchi,2021,58.8143
u1530,Ranchi,2022,53.2793
u1530,Ranchi,2023,56.491
u1530,Ranchi,2024,53.4768
u0354,Rishikesh,2010,43.7235
u0354,Rishikesh,2011,46.331
u0354,Rishikesh,2012,44.1929
u0354,Rishikesh,2013,44.9219
u0354,Rishikesh,2014,42.6277
u0354,Rishikesh,2015,45.8959
u0354,Rishikesh,2016,50.9783
u0354,Rishikesh,2017,45.4904
u0354,Rishikesh,2018,51.1156
u0354,Rishikesh,2019,43.2316
u0354,Rishikesh,2020,44.2489
u0354,Rishikesh,2021,51.1402
u0354,Rishikesh,2022,46.3757
u0354,Rishikesh,2023,42.1594
u0354,Rishikesh,2024,48.1413
u1534,Rourkela,2010,44.5094
u1534,Rourkela,2011,53.4791
u1534,Rourkela,2012,49.93
u1534,Rourkela,2013,53.2663
u1534,Rourkela,2014,53.1067
u1534,Rourkela,2015,52.654
u1534,Rourkela,2016,54.7769
u1534,Rourkela,2017,57.0161
u1534,Rourkela,2018,53.8711
u1534,Rourkela,2019,54.6802
u1534,Rourkela,2020,54.6522
u1534,Rourkela,2021,58.5309
u1534,Rourkela,2022,51.2754
u1534,Rourkela,2023,59.0544
u1534,Rourkela,2024,55.2602
u0699,Sagar,2010,34.2531
u0699,Sagar,2011,38.6128
u0699,Sagar,2012,37.5504
u0699,Sagar,2013,41.6261
u0699,Sagar,2014,39.9778
u0699,Sagar,2015,40.7747
u0699,Sagar,2016,45.341
u0699,Sagar,2017,46.1829
u0699,Sagar,2018,42.6519
u0699,Sagar,2019,41.941
u0699,Sagar,2020,38.2969
u0699,Sagar,2021,41.2102
u0699,Sagar,2022,37.475
u0699,Sagar,2023,36.3963
u0699,Sagar,2024,37.7403
u0850,Sangareddy,2010,32.6721
u0850,Sangareddy,2011,32.2102
u0850,Sangareddy,2012,31.6178
u0850,Sangareddy,2013,32.7198
u0850,Sangareddy,2014,34.962
u0850,Sangareddy,2015,36.9458
u0850,Sangareddy,2016,40.3275
u0850,Sangareddy,2017,37.5795
u0850,Sangareddy,2018,38.7143
u0850,Sangareddy,2019,34.9443
u0850,Sangareddy,2020,32.3089
u0850,Sangareddy,2021,37.3155
u0850,Sangareddy,2022,35.1758
u0850,Sangareddy,2023,35.9476
u0850,Sangareddy,2024,31.4742
u0473,Sangli,2010,33.4915
u0473,Sangli,2011,34.6961
u0473,Sangli,2012,34.1132
u0473,Sangli,2013,32.6687
u0473,Sangli,2014,36.486
u0473,Sangli,2015,37.7658
u0473,Sangli,2016,39.2633
u0473,Sangli,2017,40.2859
u0473,Sangli,2018,40.2168
u0473,Sangli,2019,36.0444
u0473,Sangli,2020,38.6186
u0473,Sangli,2021,40.0986
u0473,Sangli,2022,36.6368
u0473,Sangli,2023,37.9044
u0473,Sangli,2024,35.9269
u1904,Sibsagar,2010,28.4892
u1904,Sibsagar,2011,27.8497
u1904,Sibsagar,2012,31.9936
u1904,Sibsagar,2013,27.4955
u1904,Sibsagar,2014,28.3775
u1904,Sibsagar,2015,27.3365
u1904,Sibsagar,2016,27.1611
u1904,Sibsagar,2017,27.2251
u1904,Sibsagar,2018,30.7194
u1904,Sibsagar,2019,28.5201
u1904,Sibsagar,2020,28.1028
u1904,Sibsagar,2021,31.4252
u1904,Sibsagar,2022,21.4028
u1904,Sibsagar,2023,21.2185
u1904,Sibsagar,2024,21.948
u1887,Silchar,2010,35.8585
u1887,Silchar,2011,37.9394
u1887,Silchar,2012,42.1146
u1887,Silchar,2013,37.0128
u1887,Silchar,2014,39.7637
u1887,Silchar,2015,39.0799
u1887,Silchar,2016,36.823
u1887,Silchar,2017,34.5223
u1887,Silchar,2018,43.3324
u1887,Silchar,2019,36.6914
u1887,Silchar,2020,41.233
u1887,Silchar,2021,40.5254
u1887,Silchar,2022,31.0179
u1887,Silchar,2023,33.8366
u1887,Silchar,2024,34.2774
u0600,Solapur,2010,32.6171
u0600,Solapur,2011,32.9267
u0600,Solapur,2012,31.8484
u0600,Solapur,2013,33.6136
u0600,Solapur,2014,35.6498
u0600,Solapur,2015,38.8462
u0600,Solapur,2016,38.9604
u0600,Solapur,2017,38.0932
u0600,Solapur,2018,38.847
u0600,Solapur,2019,35.1753
u0600,Solapur,2020,35.1973
u0600,Solapur,2021,37.6617
u0600,Solapur,2022,37.3305
u0600,Solapur,2023,36.337
u0600,Solapur,2024,31.9465
u1566,Srikakulam,2010,28.0937
u1566,Srikakulam,2011,34.9648
u1566,Srikakulam,2012,32.5371
u1566,Srikakulam,2013,31.3061
u1566,Srikakulam,2014,36.6053
u1566,Srikakulam,2015,33.285
u1566,Srikakulam,2016,33.5034
u1566,Srikakulam,2017,36.7063
u1566,Srikakulam,2018,38.8997
u1566,Srikakulam,2019,37.5787
u1566,Srikakulam,2020,34.8361
u1566,Srikakulam,2021,34.5453
u1566,Srikakulam,2022,31.9442
u1566,Srikakulam,2023,39.7174
u1566,Srikakulam,2024,34.159
u0018,Srinagar,2010,19.7547
u0018,Srinagar,2011,20.9435
u0018,Srinagar,2012,21.1296
u0018,Srinagar,2013,20.5403
u0018,Srinagar,2014,21.0605
u0018,Srinagar,2015,20.0346
u0018,Srinagar,2016,21.5024
u0018,Srinagar,2017,20.8223
u0018,Srinagar,2018,20.8149
u0018,Srinagar,2019,20.4606
u0018,Srinagar,2020,22.8105
u0018,Srinagar,2021,24.5513
u0018,Srinagar,2022,20.7331
u0018,Srinagar,2023,22.6817
u0018,Srinagar,2024,23.84
u0184,Sunder Nagar,2010,26.5786
u0184,Sunder Nagar,2011,26.5489
u0184,Sunder Nagar,2012,24.4628
u0184,Sunder Nagar,2013,26.6675
u0184,Sunder Nagar,2014,25.849
u0184,Sunder Nagar,2015,25.6906
u0184,Sunder Nagar,2016,31.7802
u0184,Sunder Nagar,2017,28.3244
u0184,Sunder Nagar,2018,28.9366
u0184,Sunder Nagar,2019,26.5311
u0184,Sunder Nagar,2020,27.1292
u0184,Sunder Nagar,2021,29.6637
u0184,Sunder Nagar,2022,25.9081
u0184,Sunder Nagar,2023,25.3411
u0184,Sunder Nagar,2024,29.097
u0179,Surat,2010,40.4051
u0179,Surat,2011,40.6606
u0179,Surat,2012,39.728
u0179,Surat,2013,43.8245
u0179,Surat,2014,45.0501
u0179,Surat,2015,55.1948
u0179,Surat,2016,49.7019
u0179,Surat,2017,51.7608
u0179,Surat,2018,52.3881
u0179,Surat,2019,49.1354
u0179,Surat,2020,46.5971
u0179,Surat,2021,49.2071
u0179,Surat,2022,49.0367
u0179,Surat,2023,51.385
u0179,Surat,2024,42.4672
u1609,Talcher,2010,46.0264
u1609,Talcher,2011,49.4568
u1609,Talcher,2012,47.3318
u1609,Talcher,2013,47.8805
u1609,Talcher,2014,52.6292
u1609,Talcher,2015,52.1161
u1609,Talcher,2016,53.5678
u1609,Talcher,2017,60.3698
u1609,Talcher,2018,57.9167
u1609,Talcher,2019,57.0431
u1609,Talcher,2020,54.2758
u1609,Talcher,2021,52.54
u1609,Talcher,2022,44.1583
u1609,Talcher,2023,53.2715
u1609,Talcher,2024,48.9145
u1083,Thoothukudi,2010,27.5916
u1083,Thoothukudi,2011,28.9673
u1083,Thoothukudi,2012,29.1557
u1083,Thoothukudi,2013,26.3127
u1083,Thoothukudi,2014,27.8587
u1083,Thoothukudi,2015,24.8851
u1083,Thoothukudi,2016,30.0081
u1083,Thoothukudi,2017,31.9844
u1083,Thoothukudi,2018,33.5207
u1083,Thoothukudi,2019,28.2996
u1083,Thoothukudi,2020,26.8743
u1083,Thoothukudi,2021,27.4705
u1083,Thoothukudi,2022,27.7137
u1083,Thoothukudi,2023,24.4994
u1083,Thoothukudi,2024,27.3425
u1107,Trichy,2010,29.4931
u1107,Trichy,2011,30.4592
u1107,Trichy,2012,30.3693
u1107,Trichy,2013,28.7779
u1107,Trichy,2014,29.7402
u1107,Trichy,2015,27.2848
u1107,Trichy,2016,33.9016
u1107,Trichy,2017,32.4867
u1107,Trichy,2018,35.4317
u1107,Trichy,2019,29.2088
u1107,Trichy,2020,26.8295
u1107,Trichy,2021,30.5243
u1107,Trichy,2022,28.6243
u1107,Trichy,2023,26.7504
u1107,Trichy,2024,25.6383
u0164,Udaipur,2010,44.6994
u0164,Udaipur,2011,45.3009
u0164,Udaipur,2012,48.9201
u0164,Udaipur,2013,48.8954
u0164,Udaipur,2014,48.8947
u0164,Udaipur,2015,48.9848
u0164,Udaipur,2016,49.9825
u0164,Udaipur,2017,50.8598
u0164,Udaipur,2018,53.04
u0164,Udaipur,2019,51.5345
u0164,Udaipur,2020,47.6499
u0164,Udaipur,2021,52.2749
u0164,Udaipur,2022,47.7823
u0164,Udaipur,2023,48.0558
u0164,Udaipur,2024,48.0048
u0393,Ujjain,2010,38.0126
u0393,Ujjain,2011,42.1979
u0393,Ujjain,2012,41.4066
u0393,Ujjain,2013,45.0006
u0393,Ujjain,2014,45.2623
u0393,Ujjain,2015,43.6627
u0393,Ujjain,2016,45.8668
u0393,Ujjain,2017,47.5453
u0393,Ujjain,2018,46.8499
u0393,Ujjain,2019,48.9151
u0393,Ujjain,2020,46.5507
u0393,Ujjain,2021,48.7973
u0393,Ujjain,2022,43.7469
u0393,Ujjain,2023,45.7915
u0393,Ujjain,2024,46.2429
u0186,Vadodara,2010,43.4317
u0186,Vadodara,2011,43.7429
u0186,Vadodara,2012,48.0427
u0186,Vadodara,2013,47.6193
u0186,Vadodara,2014,49.815
u0186,Vadodara,2015,56.2426
u0186,Vadodara,2016,51.7449
u0186,Vadodara,2017,55.1354
u0186,Vadodara,2018,56.1012
u0186,Vadodara,2019,53.139
u0186,Vadodara,2020,50.1745
u0186,Vadodara,2021,55.1153
u0186,Vadodara,2022,49.5155
u0186,Vadodara,2023,49.3871
u0186,Vadodara,2024,48.2039
u1122,Varanasi,2010,54.847
u1122,Varanasi,2011,65.732
u1122,Varanasi,2012,57.0546
u1122,Varanasi,2013,60.8567
u1122,Varanasi,2014,58.0734
u1122,Varanasi,2015,69.4976
u1122,Varanasi,2016,82.367
u1122,Varanasi,2017,79.255
u1122,Varanasi,2018,68.7664
u1122,Varanasi,2019,71.1195
u1122,Varanasi,2020,58.1561
u1122,Varanasi,2021,60.4893
u1122,Varanasi,2022,53.377
u1122,Varanasi,2023,48.0761
u1122,Varanasi,2024,37.9186
u0236,Vasai-Virar,2010,40.4721
u0236,Vasai-Virar,2011,42.5399
u0236,Vasai-Virar,2012,43.631
u0236,Vasai-Virar,2013,43.022
u0236,Vasai-Virar,2014,44.0578
u0236,Vasai-Virar,2015,60.7512
u0236,Vasai-Virar,2016,53.3949
u0236,Vasai-Virar,2017,50.4899
u0236,Vasai-Virar,2018,48.8851
u0236,Vasai-Virar,2019,45.7352
u0236,Vasai-Virar,2020,38.5753
u0236,Vasai-Virar,2021,41.6635
u0236,Vasai-Virar,2022,41.7829
u0236,Vasai-Virar,2023,41.7358
u0236,Vasai-Virar,2024,35.5737
u1230,Vijayawada,2010,28.1192
u1230,Vijayawada,2011,29.8023
u1230,Vijayawada,2012,27.7757
u1230,Vijayawada,2013,28.9888
u1230,Vijayawada,2014,33.8595
u1230,Vijayawada,2015,29.7037
u1230,Vijayawada,2016,29.0328
u1230,Vijayawada,2017,39.1708
u1230,Vijayawada,2018,34.4724
u1230,Vijayawada,2019,32.4232
u1230,Vijayawada,2020,30.7759
u1230,Vijayawada,2021,31.8312
u1230,Vijayawada,2022,29.5368
u1230,Vijayawada,2023,33.3494
u1230,Vijayawada,2024,28.182
u1512,Vishakhapatnam,2010,27.8171
u1512,Vishakhapatnam,2011,33.8478
u1512,Vishakhapatnam,2012,31.7849
u1512,Vishakhapatnam,2013,31.4731
u1512,Vishakhapatnam,2014,36.9526
u1512,Vishakhapatnam,2015,33.3001
u1512,Vishakhapatnam,2016,33.3257
u1512,Vishakhapatnam,2017,37.3793
u1512,Vishakhapatnam,2018,39.274
u1512,Vishakhapatnam,2019,35.9085
u1512,Vishakhapatnam,2020,33.9544
u1512,Vishakhapatnam,2021,33.2551
u1512,Vishakhapatnam,2022,30.7473
u1512,Vishakhapatnam,2023,37.288
u1512,Vishakhapatnam,2024,31.2988
u1531,Vizianagaram,2010,29.3511
u1531,Vizianagaram,2011,35.2627
u1531,Vizianagaram,2012,33.4348
u1531,Vizianagaram,2013,33.3664
u1531,Vizianagaram,2014,38.349
u1531,Vizianagaram,2015,35.9997
u1531,Vizianagaram,2016,35.7122
u1531,Vizianagaram,2017,40.3446
u1531,Vizianagaram,2018,41.7922
u1531,Vizianagaram,2019,39.8153
u1531,Vizianagaram,2020,37.4962
u1531,Vizianagaram,2021,36.8194
u1531,Vizianagaram,2022,34.3296
u1531,Vizianagaram,2023,40.8798
u1531,Vizianagaram,2024,35.998
